Altitude,Theta,Hour,Month,Day,Background Temperature,SNR
461218.8742996341,21.299046904491654,02:00,1,2,286.143798828125,99.19346156019503
462767.61874974816,12.416525172908235,02:00,1,5,287.20654296875,97.1001138872682
463422.7335763144,14.037019703552703,02:00,1,5,287.20654296875,96.82577791929349
466582.3394957442,22.475594894986127,15:00,1,5,288.9638671875,93.2423879515235
466012.6048921302,13.759815049011138,15:00,1,5,288.9638671875,93.47051864162896
464701.06614112767,10.172073952388686,15:00,1,8,284.764404296875,99.58955477734348
466320.7334423214,17.211678907340332,02:00,1,13,280.909423828125,104.33270215038742
466846.2384804234,10.164086489720733,02:00,1,16,286.335693359375,96.56097387774166
467342.00365670683,18.94139439246137,02:00,1,16,286.335693359375,96.3562151514435
460811.77999638114,15.738485269001313,15:00,1,16,287.84033203125,97.07706894988254
460129.31453245156,14.505746641134762,15:00,1,16,287.84033203125,97.36525262877078
458660.3280437903,16.61014050956257,15:00,1,19,288.921875,96.54673177804963
467196.5843072912,12.609908293016936,02:00,1,24,282.9423828125,101.04500006692199
467537.9292192119,19.63359306169852,02:00,1,24,282.9423828125,100.89750997617712
455560.06245488697,23.328672954009203,15:00,1,24,286.735595703125,100.84803009227376
466950.5728684726,14.69066548944028,02:00,1,27,283.783935546875,99.97878686249368
454277.1071725774,17.1410237847543,15:00,1,27,287.74853515625,100.01602433305675
453621.1388320626,9.51987346349986,15:00,1,27,287.74853515625,100.30549400862398
464063.3019641155,13.215239988105637,02:00,2,4,284.544921875,100.16679442606711
464216.5577982423,12.94932777335155,02:00,2,4,284.544921875,100.10066748005283
450400.21310683194,15.719476360053395,15:00,2,4,287.2880859375,102.39097334489789
449852.92203576857,23.71282695101395,15:00,2,4,287.2880859375,102.64026261450056
449422.18858653266,13.934583834669752,15:00,2,7,287.5927734375,102.40742862391576
448929.19183205406,20.56130076570949,15:00,2,7,287.5927734375,102.63247191380165
459824.5363034021,15.061623681364647,02:00,2,12,284.374755859375,102.26229234382645
459905.4732341037,22.00970594582884,02:00,2,12,284.374755859375,102.22630204473126
458056.60048069514,12.20034718902552,02:00,2,15,283.782958984375,103.90041160320115
448574.736088909,12.393502521685908,15:00,2,15,287.951171875,102.29001318728332
448230.04783838586,14.937470419545653,15:00,2,15,287.951171875,102.44739541812886
453222.3803425368,22.151526134999106,02:00,2,23,286.638671875,102.02703465659695
453318.367398203,4.198549387291316,02:00,2,23,286.638671875,101.98383218111866
449807.0961049552,12.563441839847846,15:00,2,23,287.9453125,101.73846637483392
450854.905774916,14.657415898333628,15:00,2,26,287.06396484375,102.49990069508027
449520.8996237761,9.408213211253528,02:00,3,3,285.873046875,104.81360615441675
449727.537151578,22.74796703677027,02:00,3,3,285.873046875,104.7173102999738
453048.0373437676,21.53089460234512,15:00,3,3,288.027099609375,100.17553288321336
448744.2260898169,20.522214511732336,02:00,3,6,285.390869140625,105.87839481817545
454574.4679305999,5.824443077894903,15:00,3,6,286.584716796875,101.49634025318366
447491.7147778051,20.460364932857694,02:00,3,11,286.03662109375,105.52818462468625
447834.1265727086,20.07249621815436,02:00,3,11,286.03662109375,105.366873643721
447463.39377680025,15.93629127576672,02:00,3,14,283.129638671875,109.86804061939662
447870.5143858379,19.93199216850195,02:00,3,14,283.129638671875,109.6683882096851
458902.333318033,2.0569360540230384,15:00,3,14,287.641845703125,98.15381473066543
447936.0560809673,21.631484187328923,02:00,3,19,287.3095703125,103.49003913420665
448659.9387593933,11.213320234410132,02:00,3,22,287.1572265625,103.37262322858201
449211.65457431565,18.900722269073544,02:00,3,22,287.1572265625,103.11885738203901
462642.41853743617,6.986147147741756,15:00,3,22,289.03662109375,94.74276747285816
463731.0219242445,22.1214464780738,15:00,3,25,288.77880859375,94.63228855278898
451731.85703621403,9.42352987130774,02:00,3,30,288.90771484375,99.55034825348083
452384.2186218535,17.96540274585997,02:00,3,30,288.90771484375,99.26344170413167
464964.4414733229,15.14585552058077,15:00,3,30,291.58837890625,90.58183206174215
464681.7582373351,17.694332834690396,15:00,3,30,291.58837890625,90.69207419406845
465070.93881775107,17.82563268575935,15:00,4,2,288.913818359375,93.91381539708651
455628.3817681388,17.990899141832056,02:00,4,7,286.839111328125,100.67430488464521
456309.57380146993,8.550543812973872,02:00,4,7,286.839111328125,100.3739502553302
464991.4429723285,14.408580656915758,15:00,4,7,290.350830078125,92.11574952637163
464556.4772360849,21.0653324735752,15:00,4,7,290.350830078125,92.28832683095737
464436.9762833758,21.492993465896543,15:00,4,10,288.60107421875,94.57502128980036
463946.7047491926,19.97078444652865,15:00,4,10,288.60107421875,94.77500951904138
459854.8796027453,13.59574817716389,02:00,4,15,289.92822265625,94.7311724549311
460242.0625841496,2.5589411734653496,02:00,4,15,289.92822265625,94.57185251100887
460675.4098965812,19.665452658707235,02:00,4,15,289.92822265625,94.394012836544
462746.6657188615,13.286189585329767,15:00,4,15,293.076904296875,89.6144234708579
462174.5280740652,23.19989342959316,15:00,4,15,293.076904296875,89.83643276558861
461007.9632603738,18.536772886260707,15:00,4,18,288.083984375,96.67055271321084
463148.4775682457,2.67983718284052,02:00,4,23,286.091552734375,98.43947621229765
458705.8090625569,10.823153729904073,15:00,4,23,287.67138671875,98.19808176208345
456564.2829606277,20.81593098697735,15:00,4,26,288.988037109375,97.34692853841706
463798.7228569673,21.194263985380733,02:00,5,1,290.91845703125,91.87449547522722
464185.7268450858,7.743472171602762,02:00,5,1,290.91845703125,91.72136291559286
454343.4955410848,19.92454870394003,15:00,5,1,290.395263671875,96.42536621517732
453660.4225689762,10.396695278580736,15:00,5,1,290.395263671875,96.71595867085598
463562.9786311956,20.36499426961972,02:00,5,6,288.159423828125,95.50891152346429
462664.5303918558,20.895310893376763,02:00,5,9,289.82373046875,93.718026851766
462903.8574919505,13.417132766478735,02:00,5,9,289.82373046875,93.62114511217867
449673.6898361405,13.413807169235216,15:00,5,9,292.635986328125,95.47270535590216
449051.0575900562,13.834927322465632,15:00,5,9,292.635986328125,95.73764447723063
460871.3300644768,17.75719254603757,02:00,5,14,290.196044921875,93.96882864412302
461034.46414593153,20.108142067900303,02:00,5,14,290.196044921875,93.9023398776106
459594.5260995213,19.4382268608602,02:00,5,17,291.717041015625,92.54824397193099
446554.4131313836,17.50861066098906,15:00,5,17,294.8583984375,93.92583667613674
446048.0809366773,12.22225224252286,15:00,5,17,294.8583984375,94.13919783446516
456756.0996654483,12.074327639737977,02:00,5,22,291.771240234375,93.63277934018545
456843.882569131,16.99925938078574,02:00,5,22,291.771240234375,93.59679957604251
445428.9178550216,18.36890950731369,15:00,5,22,293.459716796875,96.21506040050768
445428.8515062262,22.79503048060078,15:00,5,25,292.81982421875,97.05753084392899
445071.4962746688,17.701554748271434,15:00,5,25,292.81982421875,97.2134515932176
452046.1736138504,4.258866384057457,02:00,5,30,291.905029296875,95.41971900447317
445780.5896201317,9.138862577163067,15:00,5,30,294.235595703125,95.05406155345378
445523.0353869892,24.02116678655493,15:00,5,30,294.235595703125,95.16399370201884
449286.9791350713,18.840446102736816,02:00,6,4,291.556640625,97.0557079614594
447800.60655758553,18.736321132246683,02:00,6,7,293.78857421875,94.77327176212177
447958.2411091496,22.17150648496084,02:00,6,7,293.78857421875,94.70658289586687
448254.337535941,14.104132996888865,15:00,6,7,296.92724609375,90.63144879763374
448111.0439794265,14.002341105825142,15:00,6,7,296.92724609375,90.68942094195583
445789.4223909243,17.250755080744092,02:00,6,12,294.28125,94.99126880605613
446013.56682432286,12.570913083638104,02:00,6,12,294.28125,94.89581693816625
450485.750746846,18.36067942329272,15:00,6,12,296.82470703125,89.86079744931021
452084.73170804884,23.205504370892832,15:00,6,15,295.791259765625,90.48729993238948
452002.1768746028,19.12248955928098,15:00,6,15,295.791259765625,90.52035661460059
444459.11423546105,11.004574189027432,02:00,6,20,296.396240234375,92.85281342930635
444836.75756503537,21.15394154741657,02:00,6,20,296.396240234375,92.6952259065107
454755.401892412,14.220564318409467,15:00,6,20,301.2216796875,83.07883806638486
454673.71196010034,13.602915111320453,15:00,6,20,301.2216796875,83.10869382515682
444750.68167255266,12.58925765053534,02:00,6,25,294.08056640625,95.69647445285344
458694.0105509466,20.555179019051568,15:00,6,28,298.591552734375,84.6207608933728
458554.2420272723,14.222583494582118,15:00,6,28,298.591552734375,84.67235401033425
446898.22217615263,4.65321196083702,02:00,7,3,296.348388671875,91.9017205247818
460580.2949789168,20.44250835569285,15:00,7,3,295.5166015625,87.50590552141425
460372.09478508786,10.634099137579522,15:00,7,3,295.5166015625,87.58507133685
448748.40188029245,19.18476594592804,02:00,7,8,296.801513671875,90.58645937266905
449392.1397063095,20.877748698566712,02:00,7,8,296.801513671875,90.32712166296439
450406.0466467654,23.77957019015466,02:00,7,11,298.323486328125,88.083218113733
461772.3383866933,10.082570036535104,15:00,7,11,301.280517578125,80.50896808356065
461426.0989227569,22.9259950205701,15:00,7,11,301.280517578125,80.62983615069561
452788.6056025891,19.34911926852548,02:00,7,16,298.94384765625,86.42869059859215
453459.3943996824,7.8823842688638575,02:00,7,16,298.94384765625,86.17317701793374
461676.5200406444,14.821779284211845,15:00,7,16,301.64990234375,80.14050276402928
461235.989386757,16.810329945325936,15:00,7,16,301.64990234375,80.2936617050005
455973.8542721343,16.54492134769111,02:00,7,21,298.22265625,86.06281132120384
457583.23851036036,22.087585567495022,02:00,7,24,298.7802734375,84.81481073165774
459345.9963480682,12.142934245600808,15:00,7,24,300.7138671875,81.98855897202533
458774.8891867705,21.26096312331097,15:00,7,24,300.7138671875,82.19281338492738
458876.9210103055,19.44368468611059,02:00,7,29,299.73095703125,83.25756418554673
459442.2100964775,8.61296791415607,02:00,7,29,299.73095703125,83.05281313026491
457301.197414723,14.332015064430408,15:00,7,29,303.25634765625,79.92388376720979
456669.3570245943,15.628522715905028,15:00,7,29,303.25634765625,80.14519957051891
460150.846798666,22.53454522617844,02:00,8,3,299.568115234375,82.98010776530386
460636.0119721312,13.366604098328787,02:00,8,3,299.568115234375,82.80540211532042
452620.47645235626,15.312766248714803,15:00,8,6,302.653076171875,82.25457851107194
460787.8609010922,14.778969707355245,02:00,8,11,301.613525390625,80.48955263902249
461127.5331945053,17.6749092937611,02:00,8,11,301.613525390625,80.3710170953619
449799.9964640021,5.236455544273833,15:00,8,11,304.031982421875,81.74885939640298
449145.2847220944,21.60557510291623,15:00,8,11,304.031982421875,81.98736105269819
459757.62321929686,22.68692761486972,02:00,8,16,299.944091796875,82.69972648387632
460007.2660996784,6.579620714931356,02:00,8,16,299.944091796875,82.60998965845066
447021.7699837995,17.955141727313922,15:00,8,16,303.099365234375,83.81986369297091
445788.11556215707,22.207007626529105,15:00,8,19,299.138427734375,88.92963489106062
458288.9143846287,20.481466039215924,02:00,8,21,298.95751953125,84.35090024912748
456958.54345247237,18.097189714651066,02:00,8,24,299.646240234375,84.05452017608698
444128.9773570043,10.292900983703907,15:00,8,24,302.25244140625,85.89464344688601
443628.35575152084,21.04322184703848,15:00,8,24,302.25244140625,86.08861200759804
454256.68523965403,17.42990886117924,02:00,8,29,298.938720703125,85.87691594410609
454354.1732709446,10.833616090481051,02:00,8,29,298.938720703125,85.84006771512783
443140.8735855521,7.0954378132436045,15:00,8,29,300.73095703125,88.0742542104266
451403.3736379433,13.23789958211191,02:00,9,3,298.82568359375,87.09935973224577
451490.1656547481,18.72284562128425,02:00,9,3,298.82568359375,87.0658759354007
443094.4078842713,19.870583830058848,15:00,9,3,299.349365234375,89.75721133327711
443242.3011461533,22.35700956961355,15:00,9,6,301.268310546875,87.3955826329104
448612.2582201779,23.57827237172123,02:00,9,8,298.564697265625,88.49911374904269
447037.6533069348,19.840573229904184,02:00,9,11,296.36279296875,91.82643815409116
444692.7930403872,15.104286128867772,15:00,9,11,298.991455078125,89.5464698679425
444501.0477865371,16.594129752760743,15:00,9,11,298.991455078125,89.62374218949577
444617.1616536858,15.442370190253545,02:00,9,16,293.48828125,96.52915174758773
444802.5981313667,15.71384902335789,02:00,9,16,293.48828125,96.44868326676898
446571.2054973237,13.615925846599117,15:00,9,16,294.09423828125,94.90016008543977
446438.2841125116,14.520707679810547,15:00,9,16,294.09423828125,94.95667915656419
442871.8880909446,18.24522406068553,02:00,9,21,292.790771484375,98.22039241885926
443130.01836598315,10.012229284295822,02:00,9,21,292.790771484375,98.10599586974276
448895.6205864188,17.70130917219484,15:00,9,21,296.488037109375,90.91313610395402
448798.8800770227,21.163058978672527,15:00,9,21,296.488037109375,90.95233375522277
442213.81898595253,14.711859734552496,02:00,9,26,294.0400390625,96.85099751366755
452870.6240992824,18.35417922077475,15:00,9,29,295.404052734375,90.64921337125934
442139.9441928997,22.79624279969228,02:00,10,1,291.726318359375,99.98696428657676
442765.1442267052,20.28958322992188,02:00,10,4,292.773193359375,98.29130308941761
455268.1585265418,15.502610401677426,15:00,10,4,293.6904296875,91.81231976063373
455133.9633516091,16.01153498827671,15:00,10,4,293.6904296875,91.86646903393995
443464.9487321803,22.80904233824171,02:00,10,9,293.722412109375,96.7225662823608
444033.8836601668,13.271513174250652,02:00,10,9,293.722412109375,96.47486630076833
457042.9122288879,0.7595856119970049,15:00,10,9,295.199462890625,89.24955677170702
445589.5012131114,8.707632875331331,02:00,10,14,291.572265625,98.65207211909225
446223.4612772354,19.55058800259917,02:00,10,14,291.572265625,98.3719566508314
458376.2864075916,17.42771547632052,15:00,10,14,294.085693359375,90.08543865753919
458100.5242103165,12.310466022405745,15:00,10,14,294.085693359375,90.19392853823088
447803.8837525273,11.037423557705212,02:00,10,19,292.8056640625,96.04926133986706
448467.86524466553,16.63129511450147,02:00,10,19,292.8056640625,95.76505939076816
458853.1777648732,23.21374857217011,15:00,10,19,293.175537109375,91.01928819927535
458487.9100081207,14.621656080497171,15:00,10,19,293.175537109375,91.1643723066511
450497.9904964102,8.857954167248064,02:00,10,24,293.387939453125,94.15398361454616
457900.0664305531,21.200242219587203,15:00,10,24,294.826904296875,89.3672558638976
452674.4942742689,16.55746036499756,02:00,10,29,291.914306640625,95.14296935635203
453318.36968616524,21.10447562279261,02:00,10,29,291.914306640625,94.87288670854397
456844.36247575923,23.05213145085924,15:00,10,29,294.1826171875,90.57107522068786
455174.3796335722,23.21265215660029,15:00,11,1,294.23779296875,91.16841087586165
454985.9867668929,17.48472978646172,02:00,11,3,290.159912109375,96.46323165506558
453021.265449006,17.44579980984045,15:00,11,6,293.031005859375,93.5618775631277
456525.46448304376,21.106401048750552,02:00,11,8,289.94091796875,96.10125308979754
450260.9534092153,15.096983437586164,15:00,11,11,291.11962890625,97.21468934112781
457164.782640567,22.37494068560073,02:00,11,13,287.496337890625,99.09924863962273
457372.4327367972,22.86198005573769,02:00,11,16,285.39404296875,101.91687755027145
447625.5660744791,16.408597361652248,15:00,11,16,288.646728515625,101.74858159898181
446966.9821910175,21.497797502652,15:00,11,16,288.646728515625,102.04864557073537
444858.9733426352,15.736218622070377,15:00,11,21,289.263427734375,102.15101538958262
444229.2829764356,21.40926543127492,15:00,11,21,289.263427734375,102.44081663280032
455124.54937739857,23.396422419104702,02:00,11,26,288.15087890625,99.09501138458675
442585.5163428832,18.792598624452346,15:00,11,26,290.80078125,101.05505121335236
442006.54618367215,18.32636935216724,15:00,11,26,290.80078125,101.31996212192149
440534.2847497595,13.985268410678248,15:00,12,1,287.10400390625,107.29970021198513
439724.05703730776,19.17285094900973,15:00,12,6,287.427734375,107.21729622139952
439306.5682469023,21.98372162070814,15:00,12,6,287.427734375,107.42117793873896
449327.01346029347,21.292139379579893,02:00,12,8,287.524658203125,102.54673692313906
439405.91561810917,18.31966699909076,15:00,12,11,285.89111328125,109.6673879738825
446500.1437023402,20.03744785500444,02:00,12,13,285.10693359375,107.36522711678343
440088.45073579316,21.465687051628016,15:00,12,16,287.1845703125,107.39817765020312
443718.9203659927,16.081473397520668,02:00,12,18,285.011962890625,108.8580084906307
441244.4409491527,23.925886964173124,02:00,12,23,286.008544921875,108.5795359866162
441415.4564314422,12.356835053563106,02:00,12,23,286.008544921875,108.49541938201702
442279.3684207718,20.16038103824998,15:00,12,23,282.845458984375,112.90279595796372
439574.4791533589,7.86257346704768,02:00,12,28,283.681396484375,112.97993306959421
439829.37142000993,22.578682724550035,02:00,12,28,283.681640625,112.84864004728396
444469.0715756606,15.93338470506297,15:00,12,28,287.315673828125,105.10202144357993
438574.2691587757,2.923266101609467,02:00,1,2,286.143798828125,109.70107726877927
438915.91380827414,23.82201087336312,02:00,1,2,286.143798828125,109.53036484532385
446881.1474003496,9.49384739385091,15:00,1,2,287.456787109375,103.7690526050674
438375.24780802603,7.989306629457659,02:00,1,7,285.26708984375,111.13600755328271
438805.73475777154,23.79933782276868,02:00,1,7,285.26708984375,110.91805628553367
449362.37258405983,13.726928061808447,15:00,1,7,284.9228515625,106.27161245835613
449251.0439239513,13.802737731683012,15:00,1,7,284.9228515625,106.32428920695315
439044.7546084961,14.502388802071389,02:00,1,12,283.036376953125,114.2695252869438
451593.1178595192,20.24419125549095,15:00,1,12,284.783203125,105.42745358961253
451440.57266411156,8.304264013185511,15:00,1,12,284.783203125,105.49871510075862
440460.42600276176,21.67453173318706,02:00,1,17,287.38623046875,106.92006731109196
453134.4462727029,12.842485670597508,15:00,1,17,289.016357421875,98.78782190707126
441064.119362858,22.46145635571568,02:00,1,19,288.855224609375,104.49926464894982
454059.1569990811,21.60671309059231,15:00,1,22,284.87353515625,104.15535245542486
443343.5241903308,15.32338007953548,02:00,1,24,282.9423828125,112.21047687108839
454517.8784981317,23.036904574459907,15:00,1,24,286.735595703125,101.31103804302191
445260.4642471642,16.781019192890533,02:00,1,29,282.4892578125,111.94812788482142
445918.7038716409,11.901374490341768,02:00,1,29,282.4892578125,111.61786900351356
454606.7408186127,23.4255319505512,15:00,1,29,286.131103515625,102.11778817758055
454190.5233297339,14.691306334087445,15:00,1,29,286.131103515625,102.30503419890789
447868.0662534216,12.495729413433288,02:00,2,3,283.432373046875,109.21040576630861
448517.1813302868,16.90921003320001,02:00,2,3,283.432373046875,108.89452567907821
453365.6358934486,4.356666563505224,15:00,2,3,287.0849609375,101.3384968910454
452867.1789765676,23.27382001407199,15:00,2,3,287.0849609375,101.56169996712818
450531.4184808713,17.76431379676432,02:00,2,8,285.981201171875,104.18853865540473
451970.73778947204,19.22730984508842,15:00,2,8,287.79736328125,100.97164350613508
451398.5840191217,11.691455454879808,15:00,2,8,287.79736328125,101.22777155584869
449393.03586406907,19.76092219204351,15:00,2,13,286.69140625,103.69793546574404
452208.10243448697,18.877234409591388,02:00,2,15,283.782958984375,106.60532048929802
452727.3347101254,20.345954608135006,02:00,2,15,283.782958984375,106.3609297630455
448598.54201356845,23.75630340427848,15:00,2,15,287.951171875,102.27915696058179
452962.8034476264,16.186052900990013,02:00,2,20,285.267333984375,104.09270557742727
453399.8674847644,10.984827335884043,02:00,2,20,285.267333984375,103.89211773699935
445608.5115583246,11.290977906076138,15:00,2,20,288.18701171875,103.32133328044434
453111.951363303,12.397114192154172,02:00,2,25,284.106201171875,105.70652246569182
453462.66692873545,22.795565174178183,02:00,2,25,284.106201171875,105.54307533281086
443336.5943718327,22.404110247600634,15:00,2,25,286.61376953125,106.6644357756127
442687.0444845854,5.077044988934917,15:00,2,25,286.61376953125,106.97768055126816
440408.90691768157,19.32274918696565,15:00,3,2,287.30029296875,107.07147567128098
439805.1383344618,23.641222109796573,15:00,3,2,287.30029296875,107.36565489346596
451530.07303582225,21.22133561414745,02:00,3,4,283.545166015625,107.27839364660548
451765.46993223927,20.58391275537891,02:00,3,4,283.545166015625,107.1666258226633
449699.2113190281,11.203684237958258,02:00,3,9,285.7587890625,104.89558245406631
449870.2515998129,15.946456287335389,02:00,3,9,285.7587890625,104.81583519731565
437841.66298920347,17.55900527518351,15:00,3,9,286.857421875,108.99249931664647
437319.69170128834,16.4313014724414,15:00,3,9,286.857421875,109.25283475530094
447381.2952118897,15.605881966293277,02:00,3,14,283.129638671875,109.90836790258014
436516.60128545883,11.639330970278122,15:00,3,14,287.641845703125,108.47912776961644
436081.77824701025,19.38499022373995,15:00,3,14,287.641845703125,108.69556763403943
443459.17062872293,11.96262030494265,02:00,3,21,285.79833984375,107.80958618709366
443569.8945025633,21.08432651097633,02:00,3,21,285.79833984375,107.75577006792298
436080.8689933547,18.88938777961361,15:00,3,21,289.01123046875,106.67287742588559
440726.0965939313,17.531279283241293,02:00,3,26,287.29443359375,106.92602426691867
440855.0792346041,15.89361513639099,02:00,3,26,287.29443359375,106.86346591572526
437111.75303255825,23.98030876907347,15:00,3,26,288.417724609375,107.037809868873
436864.7484653557,3.368951742748433,15:00,3,26,288.417724609375,107.15888304901863
438391.80959194247,24.06456898128788,15:00,3,31,290.546142578125,103.35682168053778
437481.471824749,14.469843331669146,02:00,4,2,287.47900390625,108.24304654550815
437680.8906728147,21.38586338190237,02:00,4,2,287.47900390625,108.1444322965981
439109.0775932389,19.196425256587887,15:00,4,2,288.913818359375,105.34721500439865
435998.33819536073,10.470513416949954,02:00,4,7,286.839111328125,109.94374088226525
441229.84725798236,15.3171575265312,15:00,4,7,290.350830078125,102.30433722254718
441109.1381743927,12.557333156715316,15:00,4,7,290.350830078125,102.36033584682845
434973.22107145283,8.935934444777404,02:00,4,14,289.67529296875,106.24607719233647
444454.2374201037,20.906595472921403,15:00,4,14,293.56103515625,96.50427756726775
444335.8813275336,19.469960340979423,15:00,4,14,293.56103515625,96.55569538378697
435105.5562081283,17.577433659900517,02:00,4,19,283.289794921875,115.93991912191238
435510.43938627746,21.18488954647013,02:00,4,19,283.289794921875,115.72444643411663
446634.83943266235,22.766268238134725,15:00,4,19,288.718505859375,102.0999447731527
446487.02071228216,9.191604246052943,15:00,4,19,288.718505859375,102.16756054155142
435540.6524612672,23.93370066715928,02:00,4,21,284.5703125,113.67590845804925
436705.0448093114,3.789381692304042,02:00,4,26,286.7451171875,109.73000300497547
437280.6377991483,23.28414062796687,02:00,4,26,286.7451171875,109.44131767853996
448839.92794321064,6.9549822648113695,15:00,4,26,288.988037109375,100.72636294571015
449573.2542791839,19.62823545922172,15:00,5,1,290.395263671875,98.48248392261745
439295.8201269621,12.922994217115797,02:00,5,3,286.210205078125,109.24103014942632
449892.9048976652,18.720956399975627,15:00,5,3,288.830078125,100.47270852044676
441919.9879699208,15.713775374645094,02:00,5,8,289.181640625,103.63028873087688
449736.5060837819,10.677596782411456,15:00,5,8,290.506103515625,98.26196799981055
449318.2209786555,20.11519766850945,15:00,5,8,290.506103515625,98.44500375074081
442696.22018782585,23.15336350474081,02:00,5,10,290.0947265625,101.98434096079768
444850.65039475105,4.989053420787847,02:00,5,15,291.535400390625,99.02987178151965
448497.8329234582,21.435009147684475,15:00,5,15,294.57470703125,93.47354829723446
447967.9609002942,5.72677096059132,15:00,5,15,294.57470703125,93.6948065781537
447347.24728411774,3.7662840121374535,02:00,5,22,291.771240234375,97.61287131441445
445405.29538723966,12.248809717533955,15:00,5,22,293.459716796875,96.22526637452262
444797.7810016846,22.524472927499417,15:00,5,22,293.459716796875,96.4882989607089
442956.9529763157,23.80669052738007,15:00,5,27,293.99267578125,96.58854496008703
442318.64926205983,22.24912139597493,15:00,5,27,293.99267578125,96.86751719994989
448351.4255335867,17.749013791877854,02:00,5,29,292.03076171875,96.83260084873923
448795.1086817066,15.33376821558293,02:00,5,29,292.03076171875,96.64123621244498
441980.2024206429,20.21956927672722,15:00,5,29,294.06201171875,96.9244210168406
441335.2935709181,22.14062029180948,15:00,5,29,294.06201171875,97.20789296120003
448572.1453076285,22.808484020892088,02:00,6,3,291.754150390625,97.10314929868373
438854.1606442614,14.432595076003947,15:00,6,3,294.147216796875,98.19623393407691
448389.6924988703,14.791677986756651,02:00,6,5,292.49267578125,96.20806237717356
437860.58124177455,22.09793060516808,15:00,6,5,295.8310546875,96.40971825853579
447302.02536150767,21.162332764670964,02:00,6,10,295.389892578125,92.93818587455654
447550.74271168717,21.17529489406905,02:00,6,10,295.389892578125,92.83491751111639
435591.04865593417,11.310394717961165,15:00,6,10,297.17529296875,95.65507256575442
446692.6999222624,18.79680777642106,02:00,6,12,294.28125,94.60748494188614
434956.4438662628,24.47254099059241,15:00,6,12,296.82470703125,96.39196786679314
444800.4711767044,15.059736428037564,02:00,6,17,294.383056640625,95.28206990806855
433113.9338384155,8.882721984896833,15:00,6,17,297.453857421875,96.38734214014013
443841.834524198,19.955804014400137,02:00,6,19,295.603271484375,94.11960964972816
441384.2154427712,14.941549282662734,02:00,6,24,294.184814453125,97.02406859384159
432372.1974007585,17.14507528651294,15:00,6,24,297.3310546875,96.87962143008947
431991.89709976956,14.852683663742484,15:00,6,24,297.3310546875,97.0502707723466
440273.7030262115,20.43264929115017,02:00,6,26,294.3115234375,97.34616132672032
437619.5486829183,19.24765082568933,02:00,7,1,295.928466796875,96.38831122800177
437746.6071039362,20.152951239346933,02:00,7,1,295.928466796875,96.33236484688638
432936.8202139476,24.42694141502393,15:00,7,1,298.525390625,95.07440080242294
432664.17951633676,9.359206944806736,15:00,7,1,298.525390625,95.19425966393715
436629.43806260685,20.03660806885616,02:00,7,3,296.348388671875,96.2752976548985
434479.3437812814,17.19095520152136,02:00,7,8,296.801513671875,96.63419819422536
434654.4173794427,11.87766702433982,15:00,7,8,299.38134765625,93.23639092995653
434485.36215499556,23.48885764426648,15:00,7,8,299.38134765625,93.3089603043468
433579.5444884525,19.26450380856264,02:00,7,10,297.848388671875,95.66703643757121
432255.8504232093,19.377891704839413,02:00,7,15,298.625,95.24547781597835
437523.5576834766,15.236322162435137,15:00,7,15,302.540283203125,88.16350147034909
437404.0650839379,23.48654249594105,15:00,7,15,302.540283203125,88.21167809149681
431631.0194781709,19.75054439193161,02:00,7,17,299.11083984375,94.89439903816069
431936.6109960265,20.08850988140476,02:00,7,17,299.11083984375,94.76017255930746
438457.8828493613,20.62995952332652,15:00,7,17,301.86669921875,88.59249159081418
431446.11304903537,23.23199602388486,02:00,7,22,299.03564453125,95.07260581095827
440765.1363274254,20.810066723848056,15:00,7,22,300.8154296875,88.92445690489532
440644.4380926077,22.76759476270173,15:00,7,22,300.8154296875,88.97317870419685
431185.4900529615,17.24018413096711,02:00,7,24,298.7802734375,95.5176517214275
431606.8353878691,16.908472145085486,02:00,7,24,298.7802734375,95.33124933331393
441633.4610323784,15.563542405515252,15:00,7,24,300.7138671875,88.69705133391129
432477.83023991453,4.493132888657775,02:00,7,31,299.969482421875,93.42967752568778
444293.62214809126,10.552580107534192,15:00,7,31,303.044677734375,84.91525113413331
434813.42823132133,4.721724521865192,02:00,8,7,300.098388671875,92.26737667957373
435425.6492281402,24.011407186279783,02:00,8,7,300.098388671875,92.00809790934117
446120.26804158266,17.813046377393402,15:00,8,7,302.685302734375,84.63209121126246
445829.4449624955,9.81325542324183,15:00,8,7,302.685302734375,84.74254148944833
437739.9503198249,15.640001174319943,02:00,8,14,300.046142578125,91.10225137190068
438143.007113782,13.861034861244455,02:00,8,14,300.046142578125,90.93471478541622
446269.109852059,13.525433449223472,15:00,8,14,303.212158203125,83.97450115775024
445864.98098560877,16.01308681880631,15:00,8,14,,
438529.91782280244,21.94593692282641,02:00,8,16,299.944091796875,90.8999189534564
438886.7524449142,20.90617154372208,02:00,8,16,299.944091796875,90.75216761673639
440858.80585117964,24.025447609828788,02:00,8,21,298.95751953125,91.15266834920597
444624.3038199018,16.20381272625893,15:00,8,21,301.325439453125,86.7859623194213
441429.3925970433,20.01223414422392,02:00,8,23,299.208251953125,90.60871733256383
442033.0373600927,14.320275583653885,02:00,8,23,299.208251953125,90.36141395594954
444371.4204076823,17.826473071952325,15:00,8,23,301.90966796875,86.20009686958079
443831.4952956516,23.849004277914634,15:00,8,23,301.90966796875,86.4099508641449
443952.0454690646,9.359570736208829,02:00,8,30,298.548583984375,90.38657930404086
444481.40823470196,17.955194331879277,02:00,8,30,298.548583984375,90.171412611192
441513.148453585,12.876910115733375,15:00,8,30,301.932373046875,87.29295360544177
440902.0606002641,16.144580323483048,15:00,8,30,301.932373046875,87.535096409536
444935.4341032531,20.653129474567056,02:00,9,6,297.617431640625,91.13108402074444
445358.9549689123,17.783041932178797,02:00,9,6,297.617431640625,90.95784145549999
437976.18939015054,17.511307988275924,15:00,9,6,301.268310546875,89.5098609371815
437339.4663632198,15.055092351648357,15:00,9,6,301.268310546875,89.77068568345716
444835.9332689652,24.004746184890955,02:00,9,8,298.564697265625,90.00807445361285
445226.2268670011,18.2681493738726,02:00,9,8,298.564697265625,89.85033811423261
436999.24819364876,24.27152559280493,15:00,9,8,301.73828125,89.34011469901434
434006.6672562816,23.051024055097216,14:00,9,13,291.6796875,103.83565143922894
444007.33662236505,20.38276331368252,02:00,9,15,293.103759765625,97.30279466875594
444286.471298059,6.778668786881877,02:00,9,15,293.103759765625,97.18056699084053
433169.45383574604,7.001336239938649,15:00,9,15,295.470703125,98.99273211480104
441888.6040643047,16.77553743618019,02:00,9,22,293.85595703125,97.23693420870701
430389.8945935507,11.749886310140308,15:00,9,22,296.089599609375,99.43588021277299
440987.239101265,15.190391743184668,02:00,9,24,293.53466796875,98.06285948835767
429885.7487978848,20.59262667589768,15:00,9,24,296.093505859375,99.66395467282116
437549.0184218552,7.443041734540086,02:00,10,1,291.726318359375,102.096172087716
437683.8485963035,23.289727528656467,02:00,10,1,291.726318359375,102.03327954800895
428962.9204612529,1.112144466528352,15:00,10,1,294.555419921875,102.20775623845596
432835.0141561314,8.26945965421893,02:00,10,10,294.226806640625,100.8370549956966
432991.18207138136,19.598801667016573,02:00,10,10,294.226806640625,100.76432985271461
429928.3476196379,13.76227783125898,15:00,10,10,295.94189453125,99.84962053897996
429687.794061505,16.303541066106153,15:00,10,10,295.94189453125,99.96145012874419
431814.6720808445,20.46288969390052,14:00,10,17,296.251953125,98.56321292948917
429024.8450170011,21.33865375466741,02:00,10,19,292.8056640625,104.64171644457068
429267.5205428868,7.408154864760778,02:00,10,19,292.8056640625,104.52343679642597
432595.3729476887,8.053409967798594,15:00,10,19,293.175537109375,102.40406168110846
427850.67070995964,24.527458441325184,02:00,10,26,292.61572265625,105.48961812748759
435483.8426051092,21.783297385536283,14:00,10,26,294.727783203125,98.93754989878558
427449.0287045674,9.629642767567184,02:00,10,28,291.736572265625,106.96296663692415
427837.4478200312,18.90356933559852,02:00,10,28,291.736572265625,106.76883869516298
436286.41537084966,6.229420660490085,15:00,10,28,295.24755859375,97.87971942515844
428297.7108463892,4.137878429522626,02:00,11,6,289.283447265625,110.17341057123664
439624.68998464104,13.175710720670766,15:00,11,6,293.031005859375,99.35093441672136
439425.3908653891,14.556733573802989,15:00,11,6,293.031005859375,99.44107506110534
428737.4337922693,22.02540001711817,02:00,11,8,289.94091796875,108.9622986075868
430894.8624308532,15.172097574069433,02:00,11,15,284.65966796875,115.99704751278348
431508.8288916058,22.43943730077752,02:00,11,15,284.65966796875,115.66719270582536
441311.01195509476,18.65940800007648,15:00,11,15,288.359130859375,105.09492641307155
440990.0723383525,13.463990594409642,15:00,11,15,288.359130859375,105.24795207534476
431683.3005876015,12.982143014533802,02:00,11,17,286.692626953125,112.37895610748099
441210.8524807263,16.12953206999425,15:00,11,17,289.474853515625,103.5469778585599
434709.4097846812,24.06853603432648,02:00,11,24,283.296630859375,116.14032158308513
440549.72633021954,22.686876090233746,14:00,11,24,287.452880859375,106.77887938458535
434960.07007965184,21.69474132469664,02:00,11,26,288.150634765625,108.49631577190407
435576.09291455627,5.80431026334147,02:00,11,26,288.150634765625,108.18964629745699
440053.5471984913,5.2802711711492485,15:00,11,26,290.800537109375,102.22163386634487
439565.5142526739,22.61685049834236,15:00,11,26,290.800537109375,102.44874549179609
438547.5501496503,17.907880663616293,02:00,12,5,285.9140625,110.06229313298468
436475.18435838626,15.693835081741767,15:00,12,5,286.283203125,110.54629212519089
438459.9219888096,20.139728026067285,02:00,12,7,286.30615234375,109.51314045067576
438975.1990876975,9.365625251376883,02:00,12,7,286.30615234375,109.25619429807375
436038.0736027601,14.986917221069216,15:00,12,7,287.115966796875,109.50593880925604
435432.7249589805,17.57536226318735,15:00,12,7,287.115966796875,109.81062583060665
439460.203016577,17.875998054230195,02:00,12,16,283.882080078125,112.7250856227441
439844.4836565695,24.262506332601763,02:00,12,16,283.882080078125,112.52820173890431
431239.7654015458,14.198621020330568,15:00,12,16,287.1845703125,111.85084078120578
439064.08539341827,21.74401260896871,02:00,12,18,285.011962890625,111.17840823685923
439415.3031668002,8.398131229159052,02:00,12,18,285.011962890625,111.00075294107437
430204.9808657848,9.223573392241413,15:00,12,18,286.444580078125,113.53960464327939
437232.885112061,19.73112377246885,02:00,12,27,283.774169921875,114.04671098176398
426593.020927513,23.044654289058062,14:00,12,27,287.252197265625,114.19460934255689
426056.2455985273,20.79779560235509,15:00,12,27,286.42822265625,115.78763386531524
436407.5226419454,9.851075693516387,02:00,12,29,284.234619140625,113.75144778337133
436613.0224776607,18.007075290528,02:00,12,29,284.234619140625,113.64439461966707
425924.42177161766,12.09559182066854,15:00,12,29,287.885009765625,113.56180417304581
425413.1529262058,17.6744723678038,15:00,12,29,287.885009765625,113.83492925732814
435593.715067087,22.365758737406058,02:00,12,31,284.2421875,114.1649318019635
431305.33340139117,15.864350923983393,02:00,1,9,283.383056640625,117.83961468648599
431449.070802073,16.84743007941357,02:00,1,9,283.383056640625,117.76111115216429
424410.5584186809,23.714083043471625,15:00,1,9,284.99658203125,119.01347940359908
424055.0012308468,7.815407491751797,15:00,1,9,284.99658203125,119.21314142058796
430275.6505124617,18.008404645126554,02:00,1,11,283.677978515625,117.92157425020943
430418.8676289778,18.43798481549105,02:00,1,11,283.677978515625,117.84311310736972
424308.46764860686,15.467014019490886,15:00,1,11,284.78271484375,119.42297293893688
426229.15396785445,22.49006092150596,02:00,1,20,286.585693359375,115.44319012572674
425957.903110927,22.3904505867343,14:00,1,20,281.9169921875,123.30052749537364
425416.360297143,4.45112925020458,02:00,1,22,281.003173828125,125.19704788834503
426602.983674019,10.572935929417486,15:00,1,22,284.87353515625,117.99366547669698
426421.0172399062,18.049039844022943,15:00,1,22,284.87353515625,118.09438972253385
424719.6682749291,15.856815385322289,02:00,1,24,282.942138671875,122.26745454931552
427211.7907216189,18.6165554861628,15:00,1,24,286.735595703125,114.67592349798774
423007.2642334844,23.366374129139498,02:00,2,2,282.73193359375,123.61936311452759
430754.41180843883,21.388471593283896,14:00,2,2,287.60009765625,111.46469074572556
422789.2310091138,8.542318206665907,02:00,2,4,284.544921875,120.67863627256017
423193.0130442988,22.43964770507897,02:00,2,4,284.544921875,120.44845941497445
431578.0445105902,5.394826581324815,15:00,2,4,287.2880859375,111.5167644656415
431433.5900452379,23.473489556372765,15:00,2,4,287.2880859375,111.5914540207382
422733.5167663905,15.11583505416472,02:00,2,6,286.404541015625,117.65334793483446
423164.3727279497,23.864805612138337,02:00,2,6,286.404541015625,117.4138861885137
432442.2906564896,21.382529042876723,15:00,2,6,287.674072265625,110.48393802394186
432283.3651934616,18.598676269288,15:00,2,6,287.674072265625,110.56518999929119
424661.50874472986,19.644523696847948,02:00,2,17,285.203857421875,118.53320700914375
425231.187266395,19.81772805758997,02:00,2,17,285.203857421875,118.21582393715968
435658.5747658864,22.202971478982448,15:00,2,17,288.6318359375,107.43710277079374
435393.9485310548,14.593676426255929,15:00,2,17,288.6318359375,107.56773993726414
425071.7785301676,21.226792329064,02:00,2,19,285.4609375,117.88559834163824
425652.69462940894,7.977018155137596,02:00,2,19,285.4609375,117.56404552583909
435881.812229939,10.064693051748806,15:00,2,19,287.085693359375,109.63009378142571
435590.8014891884,19.600985457192262,15:00,2,19,287.085693359375,109.7766266824552
425875.09886922734,23.29505631596801,02:00,2,21,284.272216796875,119.38536156008864
426473.44572949904,24.78281437546008,02:00,2,21,284.272216796875,119.05059865407418
435891.6871764977,23.390633432728176,15:00,2,21,288.57080078125,107.41208775187187
430358.63009599515,15.91322666584414,02:00,3,4,283.545166015625,118.09311830519461
430970.9838311692,22.641237723897973,02:00,3,4,283.545166015625,117.75776678564367
435124.7381810481,18.41151502847208,15:00,3,4,285.8671875,111.87291736110706
434641.72741593304,17.437583375218505,15:00,3,4,285.8671875,112.12170087449667
430832.1481367875,17.996557515212203,02:00,3,6,285.390869140625,114.86531056155295
431430.3619727407,10.668529460890522,02:00,3,6,285.390869140625,114.5469909194032
434429.76213803294,5.299552302074829,15:00,3,6,286.584716796875,111.12744260672704
433921.9211411037,24.20260505585696,15:00,3,6,286.584716796875,111.3877110693797
431820.32221414277,18.1824148782656,02:00,3,8,283.8154296875,116.8568534357738
433594.2307259493,21.649382905050896,15:00,3,8,287.102783203125,110.76389892829212
434491.8710039683,22.446438701605853,02:00,3,19,287.3095703125,109.99356642082522
428774.7262661014,21.174364247113125,14:00,3,19,290.75341796875,107.73955568647516
434498.49408509,8.851332248086297,02:00,3,21,285.79833984375,112.30215981381852
427797.4760241186,7.905265006817095,15:00,3,21,289.01123046875,110.84386049366894
434206.9131630051,15.357846154211437,02:00,3,23,285.99365234375,112.1507365472703
434607.6156438166,14.9925831699422,02:00,3,23,285.99365234375,111.94402888673153
427105.9663347096,11.40656400224754,15:00,3,23,288.6484375,111.75749953550566
426491.3775065197,20.54482623974521,15:00,3,23,288.6484375,112.07982445447126
434361.608890983,20.73878053737024,02:00,3,25,285.947509765625,112.14215081702663
425993.6179270962,20.726677584894365,15:00,3,25,288.77880859375,112.141266543421
430879.54798571346,23.016027936637467,02:00,4,7,286.839111328125,112.57149063554772
431084.0904707738,21.413575540476064,02:00,4,7,286.839111328125,112.46468924668171
420594.61529530014,17.98558052731492,15:00,4,7,290.35107421875,112.58873648856697
429961.2129538791,24.662772904001425,02:00,4,9,288.774169921875,110.08818256210782
430145.5480074828,6.606327171900612,02:00,4,9,288.774169921875,109.99384815408501
420412.04144643515,20.25484472392277,15:00,4,9,291.748291015625,110.5560097960981
419935.33262392704,10.614642746672905,15:00,4,9,291.748291015625,110.80715770045693
429142.3190555251,12.600450443920764,02:00,4,11,285.837158203125,115.06138171683793
429316.3178954674,18.58006184036012,02:00,4,11,285.837158203125,114.96813350327538
419886.6819650839,13.301781149305585,15:00,4,11,289.67578125,114.01732369530153
419441.90196622995,18.955921000847447,15:00,4,11,289.67578125,114.25926191334116
428280.8428191147,19.136040591097736,02:00,4,13,289.500732421875,109.85468935797019
419438.77119255014,18.98179511068589,15:00,4,13,293.3095703125,108.73036399509039
421169.1732968256,22.89702411297552,02:00,4,28,288.67578125,114.8872844540232
420597.44781044626,24.70986824897144,14:00,4,28,293.437744140625,107.94351745386155
420426.31229384104,13.851206878039529,02:00,4,30,290.36279296875,112.66084060186593
421041.88741841237,14.795834848028198,15:00,4,30,293.46728515625,107.67242734937228
419622.225748737,9.513895631675249,02:00,5,2,289.364990234375,114.64794299341993
419869.2000547881,20.125473926872854,02:00,5,2,289.364990234375,114.51310686615336
421851.84114455304,22.47648766812041,15:00,5,2,289.04052734375,113.94461894533823
421662.5491452578,7.072245829206614,15:00,5,2,289.04052734375,114.04694553842792
418866.4783263257,23.79337404586056,02:00,5,4,287.526123046875,118.00134354192134
419127.0762623753,8.56237872375024,02:00,5,4,287.526123046875,117.85465129308868
422395.2948395035,7.622506600508381,15:00,5,4,290.630615234375,111.20501052808238
422226.3715449999,24.33375144320659,15:00,5,4,290.630615234375,111.29400958527872
418383.5246660119,23.3579604544096,02:00,5,6,288.1591796875,117.25022685988225
418672.768858768,19.43290571551315,02:00,5,6,288.1591796875,117.088275881225
423045.2693225288,16.567384904287053,15:00,5,6,291.612548828125,109.38647011047057
423799.5110475267,23.98348054462269,15:00,5,8,290.506103515625,110.65749599482822
419862.1939830109,21.895494800050063,02:00,5,27,291.820556640625,110.73650067445953
420279.4683877501,15.022877433584314,02:00,5,29,292.03076171875,110.20019378242951
429670.85416027746,22.462857759030324,15:00,5,29,294.06201171875,102.55741315354192
429359.289349858,18.38939038336421,15:00,5,29,294.06201171875,102.70630884643754
420842.2185768823,10.189359252230563,02:00,5,31,293.8193359375,107.25925062703621
421433.9648274326,22.655692019376698,02:00,5,31,293.8193359375,106.95825116055576
429860.9357700452,22.725445747189976,15:00,5,31,295.028564453125,101.12838053041789
429520.9867021094,10.442631533492088,15:00,5,31,295.028564453125,101.28852219700352
421250.3875378552,19.268081069879933,02:00,6,2,292.261962890625,109.34739225386518
421843.4780143316,9.484675377756384,02:00,6,2,292.261962890625,109.04013465518962
429879.1494093102,20.143480193100963,15:00,6,2,293.66552734375,103.01251711080785
429511.0183223678,8.024323329794646,15:00,6,2,293.66552734375,103.18917549520567
422151.0981340743,11.607266016284962,02:00,6,4,291.556396484375,109.9345865569496
422752.62555581046,19.837689001506025,02:00,6,4,291.556396484375,109.62196107459626
429657.2638894004,11.00906601183708,15:00,6,4,294.956787109375,101.32311202672022
429262.0754153759,19.193114943741342,15:00,6,4,294.956787109375,101.50975864650573
422910.0224266767,14.865678820891056,02:00,6,6,293.1796875,107.14216353467802
423512.738548322,23.98301949356441,02:00,6,6,293.1796875,106.83742484339793
429358.5706847207,11.958186380849387,15:00,6,6,296.917724609375,98.79700456660906
423525.5777958546,22.09244418538413,02:00,6,8,294.1455078125,105.43531133856038
424123.30897114036,24.41048972123504,02:00,6,8,294.1455078125,105.1383337297227
429048.7809096385,17.826165882249406,15:00,6,8,297.0986328125,98.69709526399443
428702.7344569988,23.428039099184392,15:00,6,10,297.17529296875,98.75370338330715
425584.20557886263,20.239268586155347,02:00,7,13,297.979736328125,99.11860314499808
415547.9179818267,23.487557856673508,15:00,7,13,301.7158203125,98.83203889148604
424837.74421175255,17.20987311053078,02:00,7,15,298.625,98.60068600577745
415447.5376069395,23.767766873995363,15:00,7,15,302.540283203125,97.78209442751792
414974.9457194957,23.53447998896468,15:00,7,15,302.540283203125,98.00493842628764
423964.1065295245,16.216669518982062,02:00,7,17,299.11083984375,98.35754848873019
424153.69315474073,23.83652872257287,02:00,7,17,299.11083984375,98.26964116391504
414960.9868677262,18.337679288536936,15:00,7,17,301.86669921875,98.90953162723595
414518.2199101655,25.24458572378042,15:00,7,17,301.86669921875,99.12094458552939
423186.9003892598,11.793600809943651,02:00,7,19,298.9306640625,98.96054817552486
414829.0737107473,22.460187267359085,15:00,7,19,302.117919921875,98.63634540272504
414406.2842134708,16.78906745534579,15:00,7,19,302.117919921875,98.83771147987876
422153.45718307624,21.57032464900272,02:00,7,21,298.22265625,100.40485415713393
422320.33313627023,11.554099320172329,02:00,7,21,298.22265625,100.32552174471455
414573.1721283246,17.432360571938656,15:00,7,21,301.7998046875,99.18447179752911
414180.8438093121,18.16953055351605,15:00,7,21,301.7998046875,99.37246362561613
421243.6710978545,21.18478343207713,02:00,7,23,298.88671875,99.93519311356454
421405.93577275187,9.52660302554439,02:00,7,23,298.88671875,99.85824673846925
414357.2788203146,8.458244829498511,15:00,7,23,302.293212890625,98.62672339721512
413999.6102712803,25.62310017698734,15:00,7,23,302.293212890625,98.79721106974077
420364.8041324186,14.145988944662262,02:00,7,25,298.56689453125,100.78956317872584
420529.197131732,15.314431666888767,02:00,7,25,298.56689453125,100.71077740064996
414619.33452391083,22.75294311679109,15:00,7,25,302.248046875,98.56234821836722
414276.1914802459,8.167256317141758,15:00,7,25,302.248046875,98.72569330908817
419509.50157917116,3.369235230700005,02:00,7,27,299.738525390625,99.60657133173655
419681.3197520905,24.609980536624647,02:00,7,27,299.738525390625,99.52502986206446
414561.7250685955,7.53287337876285,15:00,7,27,302.312255859375,98.50406770048554
414255.33965488186,21.913358150579565,15:00,7,27,302.312255859375,98.64982983009575
418520.7214894381,19.260577280286352,02:00,7,29,299.73095703125,100.08804386670067
418691.7706193099,10.102590065803062,02:00,7,29,299.73095703125,100.00628216521156
414786.8907947759,6.624915285825006,15:00,7,29,303.256591796875,97.14708568640366
414506.05952523067,22.24306074899875,15:00,7,29,303.256591796875,97.2787661800811
417708.96557295416,10.991230966751337,02:00,7,31,299.96923828125,100.15356010802348
417894.5204613583,19.49636835368256,02:00,7,31,299.96923828125,100.06463883292115
415234.5865022571,19.693734483585843,15:00,7,31,303.044677734375,97.21623898209168
414969.15988500504,9.839903245975702,15:00,7,31,303.044677734375,97.3406435517897
416945.96327238006,6.781273576754958,02:00,8,2,298.856689453125,102.04752489520318
415630.7482245866,19.54485004722104,15:00,8,2,302.258056640625,98.06994756055224
415387.4573609282,10.883616828806966,15:00,8,2,302.258056640625,98.18485959765877
416023.8734724253,23.82057120516628,02:00,8,4,299.687744140625,101.35237355335829
416231.2112703303,10.551527347526946,02:00,8,4,299.687744140625,101.25142512149569
416158.6268408646,24.9717176488368,15:00,8,4,302.441650390625,97.57844448231037
415931.602242028,7.258582758756337,15:00,8,4,302.441650390625,97.684994467025
415321.7102133558,23.422512446521573,02:00,8,6,299.902587890625,101.39975426920475
415548.41784241673,12.667979852827935,02:00,8,6,299.902587890625,101.2891446450599
416662.1092981504,20.65084704144641,15:00,8,6,302.6533203125,97.06418770780023
416455.0809593684,12.376193040584225,15:00,8,6,302.6533203125,97.16071688120913
414678.14653761336,24.70552515663161,02:00,8,8,299.496826171875,102.27552140411161
414925.3936978721,13.511550472715731,02:00,8,8,299.496826171875,102.15366914602262
417210.4971751587,14.192792110442864,15:00,8,8,301.65576171875,98.12569037648402
417021.9192924196,20.17744676178809,15:00,8,8,301.65576171875,98.21445558483418
414241.497708379,16.505366906902577,02:00,8,10,299.899169921875,101.93400208600715
414520.1012321859,22.70388645889132,02:00,8,10,299.899169921875,101.7970262028385
417893.57456152537,17.676586187316047,15:00,8,10,303.968505859375,94.7899842529607
417713.7573120808,17.8920648623289,15:00,8,10,303.968505859375,94.87161212697761
413738.5912290365,20.45739542442868,02:00,8,12,301.272705078125,100.29839293680439
413913.4963324514,14.666310490771677,02:00,8,12,301.272705078125,100.21364578802059
418535.3047485851,13.16687308031818,15:00,8,12,303.525634765625,95.06785285837655
418366.65019969677,24.74042055226098,15:00,8,12,303.525634765625,95.14451698835497
413428.5119176393,18.500328030426765,02:00,8,14,300.046142578125,102.13171618940646
413742.7414086542,22.71408212770176,02:00,8,14,300.046142578125,101.97664103250749
419347.6880118396,24.3407664507497,15:00,8,14,303.212158203125,95.10264153568895
419175.92254938884,14.451162746467054,15:00,8,14,303.212158203125,95.18059780744845
413178.1315812632,18.992133093454484,02:00,8,16,299.944091796875,102.39701494247193
413412.7772835727,18.68942268021634,02:00,8,16,299.944091796875,102.28081049910668
419977.6250061068,14.930694087603513,15:00,8,16,303.099365234375,94.96246762317652
419812.36091212847,24.985482265694245,15:00,8,16,303.099365234375,95.03724853330215
412961.257465794,22.258282778350218,02:00,8,18,300.260009765625,102.06680753771631
413256.6082099993,18.54427639973001,02:00,8,18,300.260009765625,101.92096723120434
420685.55845325947,14.929691451295271,15:00,8,18,298.7880859375,100.33459673460187
412994.81361424935,19.484527162160475,02:00,8,20,296.018798828125,108.09253587210624
421406.6843281826,16.906956529734117,15:00,8,20,300.56298828125,97.61529070091972
421230.2183324373,23.77195509001372,15:00,8,20,300.56298828125,97.6970957895482
413295.10336859775,19.22351451619893,02:00,8,22,299.27734375,103.26788396765173
421989.32737582247,15.25919300450869,15:00,8,22,302.085693359375,95.359051026565
413363.08168676984,18.03020974584811,02:00,8,24,299.646240234375,102.71912320782067
422698.1228719169,17.680721516556286,15:00,8,24,302.25244140625,94.82517708830062
422497.77414299303,23.294937872179027,15:00,8,24,302.25244140625,94.91513073690845
413473.4743019362,19.584914016671224,02:00,8,26,299.17236328125,103.32571501642455
423162.8278998041,15.186989256924091,15:00,8,26,301.90478515625,95.06347509580657
413684.47097021365,23.13858992183737,02:00,8,28,298.7109375,103.8679831692968
414194.1682619217,21.872146398475355,02:00,8,28,298.7109375,103.61250561951705
423801.98455553275,20.740757834526537,15:00,8,28,301.83349609375,94.86848583357693
423565.0337417492,19.45633934947321,15:00,8,28,301.83349609375,94.97465820749052
414434.6547939949,17.610123613148996,02:00,8,30,298.54833984375,103.72068671513318
424114.74916222144,14.674062087301794,15:00,8,30,301.932373046875,94.60186967334485
414506.6268502042,25.50958273661485,02:00,9,1,299.415771484375,102.47267834823333
415052.66985455266,18.78599782642713,02:00,9,1,299.415771484375,102.2032297390969
424485.136896039,15.90483531918597,15:00,9,1,301.930419921875,94.43934812699125
424204.8119645242,23.577796841649583,15:00,9,1,301.930419921875,94.56420503707356
415170.2037840942,21.448095056472727,02:00,9,3,298.82568359375,102.96561293977938
415735.0456037129,21.133600209919138,02:00,9,3,298.82568359375,102.68601286520247
424848.28120068315,23.230077183035927,15:00,9,3,299.349365234375,97.63244330312399
424540.92033041886,15.24620691916481,15:00,9,3,299.349365234375,97.77386314795655
416155.2808941842,15.769875143831952,02:00,9,5,298.717041015625,102.62977575272762
424804.03597206797,12.72569212820401,15:00,9,5,297.189208984375,100.5556817839833
416761.5605958918,14.200315824226408,02:00,9,7,297.96923828125,103.37432879306087
424982.53506833233,19.40011910394022,15:00,9,7,302.07568359375,94.03327287313527
424622.49245012575,16.05540327957793,15:00,9,7,302.07568359375,94.1928044091171
417021.47322264774,22.235735734092604,02:00,9,9,299.69775390625,100.85436243812916
417611.855604383,16.11957928730402,02:00,9,9,299.69775390625,100.56940620486586
424706.24910049717,9.585771668076836,15:00,9,9,298.721923828125,98.5321930674401
417897.96507157374,14.881333857362304,02:00,9,11,296.362548828125,105.07922841577683
418494.5667657694,21.55905159550785,02:00,9,11,296.362548828125,104.77984216212161
424637.6818604276,12.825819326953154,15:00,9,11,298.991455078125,98.2045457388229
424223.9916916506,19.748723156651355,15:00,9,11,298.991455078125,98.39617122268832
418507.30676532746,16.706134872318803,02:00,9,13,294.305419921875,107.74429868306522
419101.0390742686,17.545855497167757,02:00,9,13,294.305419921875,107.43923641004267
424490.8022640384,19.966931296182345,15:00,9,13,291.3642578125,109.01165125972024
424048.994084601,11.094362454145568,15:00,9,13,291.3642578125,109.23892371875384
419208.3949733651,14.838793338585466,02:00,9,15,293.103515625,109.15587337556266
419797.786425529,17.52806176523439,02:00,9,15,293.103515625,108.84958126251568
423813.6159957176,4.414219670464998,15:00,9,15,295.470703125,103.41157365493935
419848.6570893319,14.48568635084264,02:00,9,17,291.04833984375,111.91746480892762
420429.7102339342,16.197574513981394,02:00,9,17,291.04833984375,111.60832843695661
423451.7941279082,10.189000324054929,15:00,9,17,292.290771484375,108.17090612047087
422961.73649788764,18.686840672345365,15:00,9,17,292.290771484375,108.42171219998738
420569.23771614314,8.63341287643439,02:00,9,19,290.969970703125,111.65376760221396
421140.40142282564,20.55361187675493,02:00,9,19,290.969970703125,111.35111635158245
423089.38888409646,21.8182246173801,15:00,9,19,293.581787109375,106.46667199674893
422574.5536329187,6.5007441708804645,15:00,9,19,293.581787109375,106.72625310680134
421022.83646512753,13.687701726710085,02:00,9,21,292.790771484375,108.67923851049026
421578.06489297585,15.276167982941471,02:00,9,21,292.790771484375,108.39316069023108
422437.784375119,22.63197699931316,15:00,9,21,296.488037109375,102.65777896011254
421902.4969908978,6.77746964726775,15:00,9,21,296.488037109375,102.91843763870855
421403.9132347325,19.849026711330225,02:00,9,23,293.4228515625,107.55256891835937
421940.4004165181,9.475085702683106,02:00,9,23,293.4228515625,107.27924172768573
421328.7820593005,7.714538544131653,15:00,9,23,295.195556640625,105.02696834641144
420780.6167366443,24.590287178045948,15:00,9,23,295.195556640625,105.30079104784049
422117.5392090618,7.454807308806437,02:00,9,25,293.662353515625,106.8402099340356
422637.59859247145,24.31052509280787,02:00,9,25,293.662353515625,106.57743601925038
420589.3138371794,12.629823560367766,15:00,9,25,294.304931640625,106.68093298749987
420025.5052321199,22.336979663876136,15:00,9,25,294.304931640625,106.96752509176102
422421.62596396793,11.274628169070708,02:00,9,27,295.38916015625,104.20965437754298
422919.314376587,23.662211360136364,02:00,9,27,295.38916015625,103.96453234527782
419520.47074246267,13.332996265898329,15:00,9,27,297.376220703125,102.84317654033504
422565.1190979261,17.740002769538425,02:00,9,29,292.437255859375,108.40856478688671
423038.0516233772,20.46563373823524,02:00,9,29,292.437255859375,108.16631103363937
418620.2568610261,16.808574179293288,15:00,9,29,295.404052734375,106.08936779685946
422908.5316601195,16.712732155157067,02:00,10,1,291.726318359375,109.28737481294812
417689.8002907974,20.456759863950754,15:00,10,1,294.555419921875,107.79922056989538
423098.3532553573,22.34338122029241,02:00,10,3,294.867919921875,104.61523737008487
416696.35517947515,24.29073307057748,15:00,10,3,295.455078125,106.99704255170151
422844.7407310023,24.42838205434385,02:00,10,5,290.47607421875,111.20342998015194
408902.6660867139,25.6857222326148,15:00,10,28,295.24755859375,111.4284815906917
414589.4608190065,21.7930594497798,02:00,10,30,291.24755859375,114.46299166896864
408904.5152322624,24.21546421573606,15:00,10,30,294.233642578125,112.97457505792724
408546.3199805899,20.513566068865565,15:00,10,30,294.233642578125,113.17276407190042
413527.3697236371,23.877735787599047,02:00,11,1,290.520263671875,116.20080736689377
413708.3335028556,16.45946648635962,02:00,11,1,290.520263671875,116.09917277800061
408677.2170627219,8.94981044445352,15:00,11,1,294.23779296875,113.09389148403231
412598.9730409874,20.9405481872879,02:00,11,3,290.15966796875,117.30135102739041
412785.6477307087,10.267444329503968,02:00,11,3,290.15966796875,117.19528027552926
408931.5167659424,16.71660140774171,15:00,11,3,294.189697265625,113.02722266106576
408626.6845990494,13.16635093984583,15:00,11,3,294.189697265625,113.19592032975062
411778.26457744325,9.780885761905322,02:00,11,5,289.112060546875,119.47063850197202
411979.9201533124,20.77760150390713,02:00,11,5,289.112060546875,119.35371035580705
408970.1867219783,10.291319862653763,15:00,11,5,292.88671875,115.02882806586027
410922.6748382998,16.272765847877523,02:00,11,7,289.384765625,119.52132356551714
411136.8863328962,23.638748975189824,02:00,11,7,289.384765625,119.39680945655704
409313.67850367585,22.16311231672935,15:00,11,7,293.01806640625,114.63049272195127
409057.9109596538,24.7394085055414,15:00,11,7,293.01806640625,114.77388525748901
410259.0861715034,23.804042389964668,02:00,11,9,289.438720703125,119.81971377903963
406593.0731720146,23.67433506086389,02:00,11,24,283.296630859375,132.758138800832
413676.19068995374,16.853982452812378,15:00,11,24,287.456298828125,121.09711071579876
406111.8914249564,25.60978862930406,02:00,11,26,288.150390625,124.4582853591087
406524.6646414798,12.44562886556361,02:00,11,26,288.150390625,124.20567109043307
414277.7581393366,8.572137456187024,15:00,11,26,290.800537109375,115.33752710607806
414082.95811151667,22.211247991015227,15:00,11,26,290.800537109375,115.44607075841728
406125.4807191872,24.835462752919074,02:00,11,28,289.036376953125,122.94700165288792
406563.851208397,4.608860285387741,02:00,11,28,289.036376953125,122.68201360389466
414839.5253611579,15.086536586296862,15:00,11,28,290.61767578125,115.31320915819457
414633.5338290519,18.167720162552136,15:00,11,28,290.61767578125,115.42781370951133
406638.98215092096,14.858668043367448,02:00,11,30,284.489501953125,130.55480986547866
415202.2152552781,20.51352883178396,15:00,11,30,285.157470703125,124.07507997732452
409120.3967853298,23.61996604860025,02:00,12,13,285.106689453125,127.881008640785
416664.8145038489,18.815832708837075,15:00,12,13,287.417236328125,119.43023918819483
409316.25992160296,21.847997842179726,02:00,12,15,285.75244140625,126.6255840432762
409892.7201824945,13.32981302711323,02:00,12,15,285.75244140625,126.2696699957619
416723.4491757208,8.337961480241615,15:00,12,15,286.72900390625,120.53196047515154
416342.59183018,21.08450853049657,15:00,12,15,286.72900390625,120.75257916696687
410066.97658793663,16.128781567573487,02:00,12,17,285.04296875,127.40332715722383
410649.4433982307,15.810137938338157,02:00,12,17,285.04296875,127.0421647001844
416528.8787486461,16.3497094492306,15:00,12,17,288.52783203125,117.69988294030763
416123.0485288297,21.93539560396016,15:00,12,17,288.52783203125,117.92957202804335
411149.78525897366,21.70114205184253,02:00,12,19,285.244384765625,126.38129014583697
413454.7006581752,20.68961425800109,02:00,12,30,284.396240234375,126.44886590644164
413977.3488239998,24.75003780085588,02:00,12,30,284.396240234375,126.12978299205291
413439.75090007635,23.112135652173727,15:00,12,30,287.993896484375,120.34378304902559
412895.3491339944,13.672389643973984,15:00,12,30,287.993896484375,120.66133837684934
414062.6842204865,2.0502346399845965,02:00,1,1,288.31884765625,119.44806472895256
412240.004379435,6.810399350631292,15:00,1,1,287.5810546875,121.73350662811525
414218.9324039382,17.90467840972197,02:00,1,3,287.646240234375,120.46520059961453
411523.3433877811,25.021402452706965,15:00,1,3,288.9521484375,119.8811172164434
407540.87770302524,23.00603892895125,15:00,1,12,284.782958984375,129.4516106719594
414037.4757345799,12.434111973110673,02:00,1,14,282.567626953125,129.32821016109625
406692.35817518976,4.760568292158108,15:00,1,14,285.490478515625,128.72897221958448
413537.1349500283,19.979172153700684,02:00,1,16,286.335693359375,123.06097055338492
413862.8538004396,12.390222911764708,02:00,1,16,286.335693359375,122.86734358591971
406200.54128738586,24.931422051425333,15:00,1,16,287.84033203125,124.93462137062608
405646.71011044446,17.12315148486328,15:00,1,16,287.84033203125,125.27600179454865
413436.6392303573,25.540891291414287,02:00,1,18,289.345947265625,118.13499932393474
410290.49426014634,20.06773943859937,02:00,1,27,283.78369140625,129.49954581604428
410514.2840300423,18.40668095445691,02:00,1,27,283.78369140625,129.35839226619913
402739.75148407323,15.525149346583431,15:00,1,27,287.748779296875,127.25089296198982
402287.0612376109,16.039124334965067,15:00,1,27,287.748779296875,127.53744281653996
409620.9224529657,9.112484358706766,02:00,1,29,282.489013671875,132.27638408727097
402195.5308175538,18.090279692065383,15:00,1,29,286.131103515625,130.46639458929906
405708.9225084501,24.358521485699782,02:00,2,7,285.52294921875,129.2958837038353
401846.1639055386,19.165236696611267,15:00,2,7,287.5927734375,128.0916524868877
401524.85138567234,23.385667959532213,15:00,2,7,287.5927734375,128.2967402627544
404841.8623279167,14.64196787782259,02:00,2,9,286.345458984375,128.3867292854359
405051.82986222464,15.721651047754571,02:00,2,9,286.345458984375,128.25365960837183
401971.6588162928,17.42199374287714,15:00,2,9,287.959228515625,127.36906182067564
401672.93374065676,16.273342301866446,15:00,2,9,287.959228515625,127.55858159034219
404203.2499990792,21.31448118204345,02:00,2,11,286.75,128.07755506421563
401616.9966487487,26.25177284688084,02:00,2,18,284.89990234375,133.08348091628903
403404.5447779699,18.20513833375032,15:00,2,18,287.939453125,126.50018345522224
400942.5363978762,17.793220680130812,02:00,2,20,285.26708984375,132.85642840126812
401232.83189573156,13.289030188870408,02:00,2,20,285.26708984375,132.6642523480977
403945.5252225871,17.686087436773757,15:00,2,20,288.18701171875,125.73360106460758
403732.02317470167,14.99512039717042,15:00,2,20,288.18701171875,125.86661741066278
400661.97075149923,21.226902490777626,02:00,2,22,284.196533203125,135.0249143521258
399641.27244424797,21.69715401417564,02:00,2,29,286.14990234375,132.1052288854395
406318.01498419547,16.325134409843088,15:00,2,29,286.81103515625,126.6414198563019
406112.3260208815,21.622031427984385,15:00,2,29,286.81103515625,126.76973577933686
399304.0777095948,20.343153394550583,02:00,3,2,284.99365234375,134.4555053127707
399720.93719886563,11.299558277501006,02:00,3,2,284.99365234375,134.17521062742105
406782.5218153912,17.05604027429343,15:00,3,2,287.300048828125,125.50553061835849
406572.3477057682,23.567511032087044,15:00,3,2,287.300048828125,125.63532218556111
408136.2636402328,24.202235400926583,15:00,3,9,286.857421875,125.43548465882947
400000.0190226201,14.272234480728482,02:00,3,11,286.036376953125,132.07478177940783
400514.2075887288,19.059485729865987,02:00,3,11,286.036376953125,131.7358786974642
408460.0380382235,4.432809830861713,15:00,3,11,285.36279296875,127.84218303343583
400644.0449234942,20.58405389426661,02:00,3,13,284.54052734375,134.39627169675512
402001.6925578748,12.473508403962583,02:00,3,20,285.845703125,131.10684220230277
408737.6725685581,6.332944136545765,15:00,3,20,289.722900390625,120.24460000640184
408362.76318255934,22.93295365023632,15:00,3,20,289.722900390625,120.46548950520848
402602.59106365166,18.663214356993123,02:00,3,22,287.156982421875,128.37736262375105
403997.1144478259,20.16773427174862,02:00,3,29,288.788330078125,124.66898559583066
404552.3294967552,14.637987814739912,02:00,3,29,288.788330078125,124.3270244016895
407121.91592954966,5.206467166554654,15:00,3,29,291.468505859375,118.34293713250774
406645.2886613351,24.37547641563379,15:00,3,29,291.468505859375,118.62051825158989
404662.5051211513,24.27851410285516,02:00,3,31,289.661376953125,122.78201292962198
404910.3113581205,20.80978268825991,15:00,4,5,289.140625,123.50950351789415
405843.0042778009,4.841660284034794,02:00,4,7,286.839111328125,126.88902181601189
406338.2785185677,24.34192499705008,02:00,4,7,286.839111328125,126.57988744522842
403775.9149603498,13.025062854780014,15:00,4,7,290.35107421875,122.16352117015518
406040.058969299,16.010278009572502,02:00,4,14,289.67529296875,121.92708220026505
401287.508199176,21.912882236527143,15:00,4,14,293.561279296875,118.38261827519412
400715.0404726981,9.42393924321277,15:00,4,14,293.561279296875,118.72110637915227
406075.82710147934,17.797338521760658,02:00,4,16,290.225830078125,120.99070001785347
398063.1750859857,18.773092418548345,15:00,4,21,289.2568359375,127.59175436786253
397511.4429870437,24.554904792697105,15:00,4,21,289.2568359375,127.94618602820871
404663.32491974573,18.40623369710915,02:00,4,23,286.09130859375,128.95065289852045
404979.78078129934,14.997669322931506,02:00,4,23,286.09130859375,128.74920458780096
396992.83866041416,19.757563900436967,15:00,4,23,287.67138671875,131.1010406834405
395531.5643276545,24.96545325635953,15:00,4,28,293.066162109375,122.67774404306476
402532.6457234778,19.357330685883728,02:00,4,30,290.362548828125,122.90003275005371
402784.31846051896,10.987957385499534,02:00,4,30,290.362548828125,122.74649686005432
394701.2521481192,15.60469035946882,15:00,4,30,293.467529296875,122.52272837713784
393744.5798229492,25.974493476535294,15:00,5,5,290.740966796875,127.78452550946147
399816.62539366237,11.549026752137715,02:00,5,7,288.9609375,126.9888878034421
400034.2565141464,18.90115102380692,02:00,5,7,288.9609375,126.85075355184284
393367.4520559616,19.689835693618924,15:00,5,7,292.196533203125,125.51041889595622
392960.92352840153,21.00423720936469,15:00,5,7,292.196533203125,125.77024095636253
392757.1871799055,23.88805807405296,15:00,5,12,293.08642578125,124.38267417723377
396856.65248587786,5.244651292459525,02:00,5,14,290.196044921875,126.72895928066946
397076.09341552143,26.30719577493165,02:00,5,14,290.196044921875,126.58892649227663
392765.029429298,17.667453510957195,15:00,5,14,293.81103515625,123.15635044186176
393354.4675977982,23.23822235623816,15:00,5,19,294.027099609375,122.42694828432583
393068.3676246199,19.404104887437143,15:00,5,19,294.027099609375,122.60523326831144
394082.6927335875,13.142463304950406,02:00,5,21,293.256591796875,123.26127809799499
392294.3887503143,25.824272801447005,02:00,5,26,291.031005859375,128.22185384521958
392577.2236129797,20.47555352259994,02:00,5,26,291.031005859375,128.03716383091037
394507.50675683137,26.17903530713291,15:00,5,26,294.158935546875,121.49417968634589
394266.31496117724,5.203964415229045,15:00,5,26,294.158935546875,121.64287289903956
392031.2784178095,23.89177518013222,02:00,5,28,292.07421875,126.57845642981987
390995.4678917156,6.0762535591492375,02:00,6,2,292.261962890625,126.92454356348034
391359.377599023,24.76130252688369,02:00,6,2,292.261962890625,126.68860901616301
395958.00473910733,19.969246937603423,15:00,6,2,293.665771484375,121.4179967149157
395738.47047683474,18.9405283595226,15:00,6,2,293.665771484375,121.55274633272285
397145.66167369875,20.872484273360968,15:00,6,7,296.92724609375,115.45912937576577
396913.4872499299,17.79225850234447,15:00,6,7,296.92724609375,115.59424444726562
390429.0502308886,25.65481538485796,02:00,6,9,294.359619140625,123.70746052457301
390862.59736071044,20.354976157419728,02:00,6,9,294.359619140625,123.43317861691624
390619.8553254171,22.131168762561625,02:00,6,14,292.30810546875,127.08875507129237
391097.9898774967,10.248916805897087,02:00,6,14,292.30810546875,126.77820179674629
398310.8307589091,13.26603128559696,15:00,6,14,295.861083984375,116.45847749542472
398041.3457451577,23.949811486272928,15:00,6,14,295.861083984375,116.61622210462505
398751.53998224053,9.452392774342728,15:00,6,19,298.662841796875,111.86611804913596
392315.98993457283,22.54657548705354,02:00,6,21,297.833251953125,116.87376634184756
398807.3406933809,25.737801592652048,15:00,6,24,297.330810546875,113.87361412288868
392916.9348713822,17.517844590893713,02:00,6,26,294.311279296875,122.22618907594847
393462.5312441422,14.70230874075616,02:00,6,26,294.311279296875,121.88745323806288
398690.65886241785,20.95401948831623,15:00,6,26,297.30810546875,113.97538593271837
394340.69844777597,11.533612280782512,02:00,7,1,295.928466796875,118.70652630505789
398088.8150360743,12.117315369578453,15:00,7,1,298.525390625,112.44824767713301
397648.0637791874,19.59532833741489,15:00,7,1,298.525390625,112.69766004951654
395259.2692281423,24.99699221095496,02:00,7,6,295.385498046875,119.03035587777939
396933.0357433864,12.228522716577126,15:00,7,6,299.152099609375,112.14722013910165
396446.3558511607,24.0684584064803,15:00,7,6,299.152099609375,112.42273432883027
396090.4382796816,24.597677493496747,02:00,7,8,296.801513671875,116.27340697674796
395324.1944840001,20.770811990982327,15:00,7,11,301.280517578125,109.84828939570586
396364.0085345669,17.028126823038377,02:00,7,13,297.9794921875,114.27183228036253
396841.8102910664,21.71491418976513,02:00,7,13,297.9794921875,113.9968289328878
396808.9232808752,3.449430379671345,02:00,7,18,298.61572265625,113.03628883438839
392949.2461980335,26.11100526261533,15:00,7,18,302.34228515625,109.59306391527048
392401.722248369,21.51867145402901,15:00,7,18,302.34228515625,109.89911094115939
396555.4968663837,5.512853218256367,02:00,7,23,298.88671875,112.76576887977092
390907.1428368325,16.713405231027433,15:00,7,23,302.293212890625,110.81469039956795
390365.1069868456,21.77481414421841,15:00,7,23,302.293212890625,111.12264434008603
395654.3521507338,16.227824074043152,02:00,7,28,299.842529296875,111.82210973926038
395981.3124899765,21.077581251227485,02:00,7,28,299.842529296875,111.63752375261613
388984.23298109364,8.106203342017135,15:00,7,28,302.42236328125,111.71747492368661
388464.74709003716,25.619593184717854,15:00,7,28,302.42236328125,112.01646965812454
394547.9406249215,14.923603532244377,02:00,8,2,298.856689453125,113.96262937651956
387580.3684667708,15.108812863441926,15:00,8,2,302.258056640625,112.77886995033153
387089.7603877092,16.808080977042625,15:00,8,2,302.258056640625,113.06492912278132
392909.0997970125,18.395573766604567,02:00,8,7,300.09814453125,112.99814933827008
393160.2507278867,26.697579719816208,02:00,8,7,300.09814453125,112.8538289198464
386290.20914022933,9.055495243209176,15:00,8,7,302.685302734375,112.87859098789059
385847.16900725197,22.237751654815654,15:00,8,7,302.685302734375,113.1379602991145
391052.4871387915,18.86739978384378,02:00,8,12,301.272705078125,112.27315639455875
391285.3847903534,25.947066413315845,02:00,8,12,301.272705078125,112.13954357062177
385399.0427342769,2.470139089292964,15:00,8,12,303.525390625,112.11870000184803
389107.06429369573,16.137903146261475,02:00,8,17,300.119384765625,115.1840383964639
389339.4976581103,26.40508626503165,02:00,8,17,300.119384765625,115.04655107659642
385429.7237420633,23.74075088936125,15:00,8,17,302.99853515625,112.90333340957334
385079.8067448759,8.416060702406932,15:00,8,17,302.99853515625,113.10861420779553
387119.3285106901,19.734957851076192,02:00,8,22,299.27734375,117.70531836036666
387304.75763063616,12.015142741853074,02:00,8,22,299.27734375,117.59263826350208
385349.642773901,8.677797716321471,15:00,8,22,302.085693359375,114.3549408475536
385321.07599168015,25.84627810090141,02:00,8,27,299.369873046875,118.65762646611701
385537.00392661896,3.286462079625022,02:00,8,27,299.369873046875,118.5247503942304
385757.8515923524,23.03855500019604,02:00,8,27,299.369873046875,118.38907760650233
386041.4997819244,22.57707672525078,15:00,8,27,301.423828125,114.971243687396
385778.0891993507,20.869187443979715,15:00,8,27,301.423828125,115.1283027965321
384105.65854087693,10.213821278870306,02:00,9,1,299.41552734375,119.33588839278052
384427.1824688385,24.13786071221146,02:00,9,1,299.41552734375,119.13635360533699
386636.22504568414,25.691482412558805,15:00,9,1,301.930419921875,113.83422979820772
387292.0329862609,22.454992942301025,15:00,9,4,301.4501953125,114.18919676274746
383022.76735785196,25.566730228272235,02:00,9,6,297.6171875,122.97385365690138
383388.3729834497,21.78716329202472,02:00,9,6,297.6171875,122.73942560122906
382840.8799560611,27.27685525621528,02:00,9,9,299.697998046875,119.66674451632807
388242.62856282346,9.005350357778848,15:00,9,9,298.721923828125,117.90955878450289
382236.4896165718,24.775065330110767,02:00,9,14,290.666015625,135.73381619501725
382677.10188126605,15.039544443054623,02:00,9,14,290.666015625,135.4214298321104
389041.0696860808,9.720659677261192,15:00,9,14,295.045166015625,123.43550194031228
388785.2032140909,25.50090333411628,15:00,9,14,295.045166015625,123.5980256104946
382591.7010690855,13.971374124854448,02:00,9,19,290.969970703125,134.92030000722437
383082.58504458255,21.03596454335196,02:00,9,19,290.969970703125,134.57474642708013
389659.646728137,14.84400551171281,15:00,9,22,296.089599609375,121.3099402929241
383631.7216541975,11.160293442902136,02:00,9,27,295.38916015625,126.3488291180188
389447.87157910294,10.497487411741725,15:00,9,27,297.376220703125,119.33920150378428
389085.9829633828,27.029860254603268,15:00,9,27,297.376220703125,119.56129936727528
384207.1944182699,20.78196440067365,02:00,10,2,291.888916015625,132.11989805018985
384750.3677579743,23.784601606129865,02:00,10,2,291.888916015625,131.74711946090358
384848.8069475115,21.064780733885623,02:00,10,5,290.475830078125,134.24595540922024
388450.0524318282,25.164948937886265,15:00,10,5,291.511474609375,129.91705403286164
388004.80945962144,5.298429348248948,15:00,10,5,291.511474609375,130.21538973795313
385318.4458735122,14.62088052448648,02:00,10,10,294.2265625,127.24091036146987
385842.9971848964,25.35444734291348,02:00,10,10,294.2265625,126.89517897551315
385316.0557349174,25.985235948138165,02:00,10,13,291.508544921875,132.04430994969465
385820.0867326332,24.94282315624484,02:00,10,13,291.508544921875,131.69953291708526
385837.2722070653,16.818660498785622,15:00,10,13,293.927978515625,127.41564146232483
385330.7330822108,14.926721086584395,15:00,10,13,293.927978515625,127.7508518329685
385651.178862975,19.886586157088296,02:00,10,18,293.99755859375,127.4179113263792
386121.280715889,25.60460331622277,02:00,10,18,293.99755859375,127.10783811620509
385458.8189214555,15.778549980572372,02:00,10,21,293.160888671875,129.0065071621291
385902.3343024446,24.88682148254818,02:00,10,21,293.160888671875,128.71014465864064
382564.4082840427,20.86743200198824,15:00,10,21,296.51806640625,125.12127943326719
382026.13050458964,15.792574256950658,15:00,10,21,296.51806640625,125.47412154229166
381153.6909800407,20.626042628178155,15:00,10,24,294.8271484375,128.97874131535949
384454.1808587892,5.986043769030051,02:00,10,29,291.9140625,131.90492824650823
383472.7430438552,23.37824480543873,02:00,11,1,290.52001953125,135.1294823719114
383813.7426192116,24.50643653952652,02:00,11,1,290.52001953125,134.8894772783427
377494.723859455,4.256797197272972,15:00,11,1,294.23779296875,132.5495418006661
376448.3762997006,19.12132723663639,15:00,11,4,293.421875,134.7760847855588
380960.49517491163,14.271588745456798,02:00,11,9,289.4384765625,138.95886602402345
379554.99415385665,20.221825588155163,02:00,11,12,286.75244140625,145.2474850792032
379822.959497993,13.589807604297915,02:00,11,12,286.75244140625,145.04261298365014
373991.10838027083,22.63281837950742,15:00,11,12,290.28857421875,142.518425764546
373557.2325293242,26.27901327964757,15:00,11,12,290.28857421875,142.84968002932126
378460.5691106663,23.46390801040684,02:00,11,15,284.659423828125,150.3660378132374
373537.1739418733,25.79968894389324,15:00,11,15,288.359130859375,146.69105157191765
373121.78035314166,6.130138694465619,15:00,11,15,288.359130859375,147.01785340726218
372783.66981884657,15.850274924174984,15:00,11,18,290.934814453125,142.18154858946625
373738.40949295746,17.9348201190254,02:00,11,26,288.150146484375,146.95393347532442
372329.8831299626,18.354320841741995,02:00,11,29,288.235595703125,147.89436276958733
372615.4476974616,16.556857896736375,02:00,11,29,288.235595703125,147.6677634344598
371202.9802454826,19.37975105602818,02:00,12,2,285.025390625,155.51520396296047
371505.6036000105,14.260966963709857,02:00,12,2,285.025390625,155.26194606320544
372254.2105294333,23.96971965619281,15:00,12,2,288.0166015625,148.39986885605728
370218.0117437965,21.690958369796675,02:00,12,5,285.91357421875,154.4399918011977
370542.06030388834,18.11421586002724,02:00,12,5,285.91357421875,154.16998642776792
372349.71208064596,16.262188706362906,15:00,12,5,286.282958984375,151.90172648049926
369358.6292871614,25.776455839203503,02:00,12,8,287.5244140625,151.7580930775539
369705.96179140103,21.82423478326146,02:00,12,8,287.5244140625,151.4730786951443
372853.875213641,25.58323706977785,15:00,12,8,285.368896484375,153.41203472943414
372590.8214144474,12.152802958685964,15:00,12,8,285.368896484375,153.6287328446003
368958.9422087111,23.37429301852506,02:00,12,11,284.63427734375,158.26535493127005
373136.1064643243,24.91016236383253,15:00,12,11,285.89111328125,152.0809257487877
372874.26247188344,8.690305299792255,15:00,12,11,285.89111328125,152.29459272838855
373327.2232129384,15.77605941488702,15:00,12,14,286.1611328125,151.36106239785056
373064.801548011,17.137773370002545,15:00,12,14,286.1611328125,151.574078431134
368015.8450572553,27.3747006950706,02:00,12,17,285.04296875,158.1820962770986
373494.550102625,7.97590319571532,15:00,12,17,288.527587890625,146.38587783043525
373225.7619397578,24.15445722277081,15:00,12,17,288.527587890625,146.59680088821455
373746.1672504614,17.56610442201594,15:00,12,20,283.045166015625,157.6672824893078
373461.1669428141,15.272555588942565,15:00,12,20,283.045166015625,157.90801632594986
367548.5485383815,28.15193226953144,03:00,12,23,285.272705078125,158.08248804104335
373932.8942342618,27.5292949282253,15:00,12,23,282.844970703125,157.9478281503901
373627.99501329026,3.668415648964048,15:00,12,23,282.844970703125,158.20572006504068
367723.3106249469,25.15937914332616,03:00,12,26,283.415771484375,162.03983306328706
373898.7421590191,27.138649479089693,15:00,12,26,285.589111328125,152.0931020255481
373573.7327393972,5.115408066927427,15:00,12,26,285.589111328125,152.35785936412586
367985.99643818673,23.54433427270804,02:00,12,29,284.234130859375,159.98591073675695
373468.5533134952,7.5317134305376925,15:00,12,29,287.885009765625,147.7029909845422
367876.2495681576,20.02623808779497,02:00,1,1,288.318603515625,151.32450373646094
368394.93259216764,26.66835411773057,02:00,1,1,288.318603515625,150.89868790943726
373250.7094739576,17.133686049733523,15:00,1,1,287.580810546875,148.4945700897018
372882.2165375523,23.235557278037906,15:00,1,1,287.580810546875,148.78820832337811
368365.1000128766,11.445467898046047,02:00,1,4,288.265625,151.03287837163032
372629.3952980641,18.902738952930875,15:00,1,4,288.765869140625,146.5866637785672
368184.4701306436,23.537578946708816,02:00,1,7,285.26708984375,157.5490930846437
368704.7864714214,9.502487002052852,02:00,1,7,285.26708984375,157.1047401563566
372063.85139079246,26.40980425354871,15:00,1,7,284.922607421875,155.01623605152628
368430.27410727966,25.00210034405561,02:00,1,10,282.414306640625,163.6765613618119
368946.5038347598,11.399799696399644,02:00,1,10,282.414306640625,163.21884950755887
368677.46855813946,27.948788346304184,02:00,1,13,280.90869140625,166.91722126469168
369185.7696528095,20.7966582404044,02:00,1,13,280.90869140625,166.4579088761766
369293.4728034015,27.48164792915324,15:00,1,17,289.01611328125,148.73588261375738
368063.0874121507,13.80438726734446,15:00,1,20,281.863037109375,165.26450558549007
367093.0424074932,18.72770247813427,15:00,1,23,285.707275390625,157.52793675024535
366582.6612184974,15.1393674998685,15:00,1,23,285.707275390625,157.96688421197968
368568.6284050626,10.744688556043071,02:00,1,26,283.9482421875,160.11251309534777
365707.7427644117,23.14530676184017,15:00,1,26,287.056640625,155.80180135142322
368041.826748572,14.722209257441923,02:00,1,29,282.48876953125,163.85273463428936
368448.0508732031,22.68491518203555,02:00,1,29,282.48876953125,163.49162950206681
367702.08005287085,28.17032653953192,02:00,2,1,282.604736328125,163.89159223737144
362631.2523376691,27.91837475759961,15:00,2,2,287.526123046875,157.43732543361023
361876.1930095397,17.659060278359576,15:00,2,5,287.174560546875,158.86074546885328
361381.8378646802,16.554390350410856,15:00,2,5,287.174560546875,159.29567237415242
365505.4004480135,17.19704603323182,03:00,2,8,285.94189453125,158.38635285947865
365837.3844296048,21.50994241060352,03:00,2,8,285.94189453125,158.09902370016238
360289.05813027266,25.619636573135427,15:00,2,8,287.797119140625,158.8983440954938
364695.1504190538,16.86037927338377,02:00,2,11,286.749755859375,157.33093121283233
358682.9610448513,22.159975411757667,15:00,2,15,287.951416015625,159.9852361957355
358246.6956248763,14.582251470929297,15:00,2,15,287.951416015625,160.375126878277
361722.71937472577,20.8664599755022,03:00,2,18,284.7236328125,164.4576857822298
362011.6233747249,17.98167037551491,03:00,2,18,284.7236328125,164.19529904392138
357463.074008976,26.29960334636717,15:00,2,18,287.939453125,161.10549632194105
360682.8010580612,22.550015376902905,02:00,2,21,284.27197265625,166.44324436756952
356891.86745453574,26.27392504038647,15:00,2,22,287.287109375,163.07649642601072
358772.3377457378,28.37588928487313,03:00,2,25,284.0126953125,168.8250018007689
356497.3940002455,13.403014850412076,15:00,2,25,286.61376953125,164.95826607942
356140.8388568398,25.28080902033583,15:00,2,25,286.61376953125,165.2887317512434
357443.69175308663,29.002290491760657,02:00,2,28,288.083251953125,160.80522215704949
357736.22707136837,12.7197521305071,02:00,2,28,288.083251953125,160.54233587636477
355823.2754677319,11.801791139453462,15:00,3,4,285.866943359375,167.29588878518848
355506.29128245416,23.304510771686445,15:00,3,4,285.866943359375,167.594357725127
354965.5259921064,10.84465395898699,02:00,3,7,284.9111328125,170.33684892979633
353501.8523382814,25.88613828949197,03:00,3,11,285.61474609375,170.09071554907246
355555.74756801163,22.61557521200956,15:00,3,11,285.36279296875,168.71664011851652
355257.5443372216,17.58894843294512,15:00,3,11,285.36279296875,169.00000053610293
352463.6531952638,28.883755621835427,02:00,3,14,283.129150390625,177.0763931592108
352837.0357996782,24.149061381528565,02:00,3,14,283.129150390625,176.7018164876056
355182.0010332276,23.939243420201787,15:00,3,15,287.435546875,164.31483644873217
351352.19546110777,21.873637017203865,03:00,3,18,286.30126953125,170.55713709442875
351752.7915525607,16.97585272267214,03:00,3,18,286.30126953125,170.16887796356968
354829.5305103165,4.491747184022478,15:00,3,22,289.037109375,161.06254105896377
350434.2933519683,24.014830147762886,02:00,3,25,285.947021484375,172.29055539786302
354481.594917972,16.92988411642997,15:00,3,26,288.417724609375,162.75517262730057
349445.0064641314,18.39057960744903,03:00,3,29,288.62158203125,167.01297435797414
349917.31720083946,17.577280652539525,03:00,3,29,288.62158203125,166.56241772375753
348990.6388863692,18.205745202216008,03:00,4,2,287.5224609375,169.99355616005366
349479.7288100817,21.517619825731103,03:00,4,2,287.5224609375,169.51808390410824
348614.43588694604,22.491157546829623,03:00,4,6,285.891845703125,174.22648728124608
349082.73036143417,25.89483578327455,03:00,4,6,285.891845703125,173.75935116599922
352037.1352832763,24.73776748594432,15:00,4,6,289.435546875,162.73711568919646
348437.7121228208,22.2399796990873,03:00,4,10,288.62939453125,167.96200637932012
350930.78523981146,19.78453740350215,15:00,4,10,288.60107421875,165.6483404439786
347881.9447698997,23.110597069739782,03:00,4,14,289.65673828125,166.14393068520044
349367.758374091,21.62605829754542,15:00,4,14,293.5615234375,156.18241427191626
347155.9669104927,29.0398787975648,03:00,4,18,285.17724609375,177.43368659433094
347638.4765257471,17.437505878585217,03:00,4,18,285.17724609375,176.94148534827792
347647.3867549448,27.55828375468008,15:00,4,18,288.083740234375,169.99438366424457
346825.85127918085,6.400990052747786,03:00,4,22,285.64404296875,176.63046845043849
347297.11771978694,28.623583171597765,03:00,4,22,285.64404296875,176.15143461189516
346081.4687717693,13.90393968298562,03:00,4,26,286.6669921875,174.90893888236104
343432.5635851374,11.32190554010849,16:00,4,27,291.95458984375,165.20648887997856
341288.131197869,15.916893691267324,15:00,5,1,290.39501953125,170.8909272325792
343291.151600466,7.134371829896019,03:00,5,5,287.971923828125,174.6038860408959
343683.3591506338,27.606275309162744,03:00,5,5,287.971923828125,174.2056014820255
338607.7147050146,21.750464196775933,16:00,5,6,291.602783203125,170.76603327652293
336678.9051553505,19.75281421702463,15:00,5,10,293.5703125,168.15662800287987
336186.5525021058,30.221529751599512,15:00,5,10,293.5703125,168.6495268827742
339532.9102517535,16.1274609683102,03:00,5,14,290.010986328125,173.57170674252941
339873.9881481233,27.07654970649592,03:00,5,14,290.010986328125,173.22350847446617
334287.4307994989,6.59207495581002,16:00,5,15,294.29345703125,168.90051787427652
333815.9313468668,28.948969473621947,16:00,5,15,294.29345703125,169.3779830619319
337188.63939945365,3.654387451026307,03:00,5,19,291.587158203125,172.24314697268053
332342.6968878121,24.61816718126033,16:00,5,20,297.39208984375,163.83851586858316
331890.3778888262,18.799342111287483,16:00,5,20,297.39208984375,164.28539699095208
334377.22334982484,21.2651398359265,03:00,5,24,290.53466796875,177.68827208956904
334686.09879177436,16.023348246705975,03:00,5,24,290.53466796875,177.36045316742607
330171.5253639804,12.352342988886646,16:00,5,25,292.918701171875,176.4093005749595
331925.78836773365,3.611929426712083,03:00,5,29,291.923095703125,176.9353779383768
328646.0383920694,13.555476079938842,16:00,5,30,294.18896484375,174.99746119689007
328255.0395627859,23.71098485152703,16:00,5,30,294.18896484375,175.41460363484106
329329.5005334594,20.162298450829525,03:00,6,3,291.475830078125,180.83671432684534
327332.1547555724,30.117149188482355,16:00,6,4,294.83642578125,174.85830579233735
326961.466274508,21.174372402364213,16:00,6,4,294.83642578125,175.25501739135888
326341.4614497242,8.703905131020273,03:00,6,9,294.333984375,177.1279508547984
325860.890456278,22.997669666768456,16:00,6,10,296.93408203125,171.48381958875237
325508.7017253163,16.684795314659134,16:00,6,10,296.93408203125,171.85509901024278
323538.6503562768,24.09112422657572,03:00,6,15,292.1416015625,185.67340169587322
324506.4475625977,26.03968004625799,16:00,6,16,296.72705078125,173.40493261885774
324160.7476147074,22.781297507648382,16:00,6,16,296.72705078125,173.77498384337864
321349.2068387159,20.908313627610443,03:00,6,21,297.90771484375,174.01871284647115
322974.87296150846,14.308507745609557,16:00,6,22,297.07958984375,174.21778289155628
322627.2465127231,29.199328038597184,16:00,6,22,297.07958984375,174.59341971443786
319321.10703337996,3.630366697858565,03:00,6,27,294.583740234375,184.3744821765588
321341.8608895927,15.598577166014412,16:00,6,28,298.309326171875,173.08139197639346
320977.4762134839,28.005029116792,16:00,6,28,298.309326171875,173.47459094038032
317593.8917908716,29.56704054239357,03:00,7,3,296.1826171875,182.37878078411896
316820.75007035385,31.377992870956305,03:00,7,4,294.7646484375,186.83587733806203
317272.8281768459,17.504701860101314,03:00,7,4,294.7646484375,186.30381643644978
318889.5653200498,4.748348211909372,16:00,7,5,298.389892578125,175.56175682019696
314885.90478242707,22.804544690322658,03:00,7,11,298.222900390625,180.46273321121598
315352.1835094252,16.66649211060303,03:00,7,11,298.222900390625,179.92946451066078
315878.5332054804,21.448491443639977,16:00,7,12,300.95751953125,172.80633847125307
315804.3318657828,29.07772671135908,16:00,7,13,301.3125,172.058375067026
315364.1849636406,26.0418095265405,16:00,7,13,301.3125,172.5389864516428
313145.3337345783,32.3123506035526,03:00,7,18,298.441162109375,181.93520039646845
312298.0811927318,22.6949887164666,03:00,7,19,298.837158203125,181.94426753678792
312759.0652359731,18.281701144312297,03:00,7,19,298.837158203125,181.40831765222524
311684.469487881,25.9860721917179,16:00,7,20,301.15478515625,177.01467539765724
311334.7220734331,13.659526422773656,16:00,7,21,301.572265625,176.41239956428527
309123.4347496029,31.731605065748067,03:00,7,27,299.60498046875,183.77804585872838
309563.6799258473,31.48766088896513,03:00,7,27,299.60498046875,183.25569861769458
308654.7169054384,14.910996117400732,03:00,7,28,299.71142578125,184.07094076273367
309093.4261317634,26.438876462997783,03:00,7,28,299.71142578125,183.54879241085345
306124.6861661311,31.89909979964917,16:00,7,29,303.131591796875,178.65620423396544
305998.9880304784,30.75257431512998,16:00,7,30,303.4619140625,178.00515131401158
305502.4601671166,7.549874772271907,16:00,7,30,303.4619140625,178.5842389083604
304786.020774809,31.918477916316423,16:00,7,31,302.720947265625,181.23384354029858
303114.2525878049,19.79336932544871,03:00,8,7,300.017578125,190.0714270799758
302264.2970683773,11.326638960078917,03:00,8,8,299.28955078125,193.0368595932391
302666.7516194957,31.40706135656484,03:00,8,8,299.28955078125,192.52384049745856
297502.27373045706,21.23420154513519,16:00,8,10,303.68994140625,187.73757276826805
296877.7929261887,8.603208667821999,16:00,8,11,303.881591796875,188.03966277655914
296392.9624130287,31.60211574486441,16:00,8,11,303.881591796875,188.65534494286726
295869.4611921374,28.110294968188285,16:00,8,12,303.224365234375,191.01568407974784
288062.7083621775,26.39881553772671,03:00,8,24,299.457275390625,212.0570389055912
286914.0053130986,21.7546828728429,03:00,8,25,299.04541015625,214.954991980414
287298.68665157026,28.18491417124,03:00,8,25,299.04541015625,214.37974524847107
285629.9910117368,32.237159905084454,03:00,8,26,299.36474609375,215.95524125283987
286013.6837224609,10.287688059927357,03:00,8,26,299.36474609375,215.37621390414816
284546.1128400329,26.073100936476333,03:00,8,27,299.2197265625,218.0316902287022
284935.24030015944,16.896786786089976,03:00,8,27,299.2197265625,217.43657826855068
283439.1767225025,20.84570145635885,03:00,8,28,298.69677734375,221.3011912184737
283833.907784996,25.36002399902044,03:00,8,28,298.69677734375,220.68608703587296
282281.866547919,19.24973446825377,03:00,8,29,298.809326171875,222.77933589808674
282681.72040978697,30.97982742990901,03:00,8,29,298.809326171875,222.14953800145494
281107.0135289674,18.15485351208944,03:00,8,30,298.421142578125,225.83078733280678
279927.95138589834,19.06592073100861,03:00,8,31,298.936767578125,226.15076479711237
278437.09718458925,22.672421640227487,03:00,9,1,299.260498046875,227.5782516964689
278849.1370087731,32.55772267209443,03:00,9,1,299.260498046875,226.90618920770558
277205.3294007974,16.412160591845428,03:00,9,2,298.87353515625,230.81269773605592
275621.43143523915,20.924957674485853,03:00,9,3,298.691650390625,234.04950449163843
276041.7766848741,28.652012646188293,03:00,9,3,298.691650390625,233.33724497197477
274245.2183175201,9.126340948868384,03:00,9,4,297.554931640625,240.07704555164145
274672.6290835431,35.17783019215543,03:00,9,4,297.554931640625,239.33047186671848
272481.4263043972,28.78673660130839,03:00,9,5,298.8427734375,238.98472434677547
272908.6934248053,15.539814749263392,03:00,9,5,298.8427734375,238.23699893341046
271056.3731294696,16.587702646816332,03:00,9,6,297.43408203125,246.1623312454025
271493.12409965304,34.21914209378424,03:00,9,6,297.43408203125,245.37096564180746
269170.00812453526,35.84273190284379,03:00,9,7,297.89501953125,248.06863944027847
269607.89704675606,28.67291584668109,03:00,9,7,297.89501953125,247.2634827930225
248510.4437226355,32.97256578626676,16:00,9,15,295.453125,300.8385003721295
248021.53736883058,22.92747177791892,16:00,9,15,295.453125,302.0257103346705
244791.7234978704,33.77115313373767,16:00,9,16,294.028076171875,316.1156273978856
239493.47827719522,5.66566653878337,03:00,9,18,292.07421875,339.1672030148944
217520.34826149882,31.291110664841806,16:00,9,21,295.946044921875,390.04464245504255
216994.8087892881,38.48813061150809,16:00,9,21,295.946044921875,391.9362276202254
200498.98855008002,30.06342690904748,03:00,9,23,292.9873046875,477.9366563951151
200879.0798881146,34.380575969053126,03:00,9,23,292.9873046875,476.12972139077243
